Id,Type,Icon,Name,Note,X,Y,Latitude,Longitude
0,volcanoes,🌋,"Rusthorn","Dormant volcano. Height: 10289ft.",695.79,634.37,12.9,-86.74
1,volcanoes,🌋,"Mount Murkwhirl","Dormant volcano. Height: 10660ft.",1452.65,972.62,-28.21,5.24
2,volcanoes,🌋,"Soraralys Volcano","Dormant volcano. Height: 9925ft.",2247.7,1264.4,-63.67,101.87
3,volcanoes,🌋,"Scutaimpa","Dormant volcano. Height: 10289ft.",2589.02,770.6,-3.66,143.35
4,volcanoes,🌋,"Grumrok Volcano","Erupting volcano. Height: 9567ft.",1078.32,465.55,33.42,-40.25
5,hot-springs ghosts,♨️,"Hot Springs of Snapdream","A geothermal springs with naturally heated water that provide relaxation and medicinal benefits. Average temperature is 35°C.",1414.66,1241.13,-60.85,0.63
6,hot-springs ghosts,♨️,"Nocturninara Hot Springs","A geothermal springs with naturally heated water that provide relaxation and medicinal benefits. Average temperature is 24°C.",305.59,304.98,52.93,-134.16
7,hot-springs ghosts,♨️,"Vespeles","A geothermal springs with naturally heated water that provide relaxation and medicinal benefits. Average temperature is 49°C.",2062.76,1135.91,-48.06,79.39
8,hot-springs ghosts,♨️,"Calewhisper Hot Springs","A geothermal springs with naturally heated water that provide relaxation and medicinal benefits. Average temperature is 56°C.",1790.82,452.95,34.95,46.34
9,hot-springs ghosts,♨️,"Thundershout Hot Springs","A geothermal springs with naturally heated water that provide relaxation and medicinal benefits. Average temperature is 37°C.",712.43,308.98,52.45,-84.72
10,hot-springs ghosts,♨️,"Canower","A geothermal springs with naturally heated water that provide relaxation and medicinal benefits. Average temperature is 29°C.",1767.45,438.48,36.71,43.5
11,hot-springs ghosts,♨️,"Plumence Hot Springs","A geothermal springs with naturally heated water that provide relaxation and medicinal benefits. Average temperature is 51°C.",1511.02,809.01,-8.33,12.34
12,hot-springs ghosts,♨️,"Lula Hot Springs","A geothermal springs with naturally heated water that provide relaxation and medicinal benefits. Average temperature is 63°C.",1473.58,855,-13.92,7.79
13,hot-springs ghosts,♨️,"Bone Hot Springs","A geothermal springs with naturally heated water that provide relaxation and medicinal benefits. Average temperature is 24°C.",1667.5,1281,-65.69,31.36
14,hot-springs ghosts,♨️,"Hearth Hot Springs","A geothermal springs with naturally heated water that provide relaxation and medicinal benefits. Average temperature is 61°C.",1309.33,1029.35,-35.11,-12.17
15,whirlpool,💧,"Stonesher Purifying Well","This legendary water source is whispered about in ancient tales and believed to possess mystical properties. The spring emanates crystal-clear water, shimmering with an otherworldly iridescence that sparkles even in the dimmest light.",838.2,178.8,68.27,-69.43
16,whirlpool,💧,"Hearthamer Healing Stream","This legendary water source is whispered about in ancient tales and believed to possess mystical properties. The spring emanates crystal-clear water, shimmering with an otherworldly iridescence that sparkles even in the dimmest light.",852.5,1376.78,-77.33,-67.69
17,whirlpool,💧,"Crysting Spring of Youth","This legendary water source is whispered about in ancient tales and believed to possess mystical properties. The spring emanates crystal-clear water, shimmering with an otherworldly iridescence that sparkles even in the dimmest light.",1877.39,963.37,-27.09,56.86
18,whirlpool,💧,"Grumhogron Healing Spring","This legendary water source is whispered about in ancient tales and believed to possess mystical properties. The spring emanates crystal-clear water, shimmering with an otherworldly iridescence that sparkles even in the dimmest light.",2366.88,155.85,71.06,116.35
19,mines,⛏️,"Gejulipwhis — iron mining town","Gejulipwhis is a mining town of 22298 people just nearby the iron mine.",1604.37,1178.84,-53.28,23.68
20,mines,⛏️,"Nocturna — salt mining town","Nocturna is a mining town of 46850 people just nearby the salt mine.",131.43,1236.25,-60.25,-155.33
21,mines,⛏️,"Hosdurga — silver mining town","Hosdurga is a mining town of 33224 people just nearby the silver mine.",2116.23,1213.18,-57.45,85.89
22,mines,⛏️,"Rowershout — tin mining town","Rowershout is a mining town of 2828 people just nearby the tin mine.",1424,1186,-54.15,1.76
23,mines,⛏️,"Noctihisalys — copper mining town","Noctihisalys is a mining town of 3938 people just nearby the copper mine.",2271.12,1267.57,-64.06,104.71
24,mines,⛏️,"Heartfury — gold mining town","Heartfury is a mining town of 37527 people just nearby the gold mine.",1027.03,1416.71,-82.19,-46.48
25,mines,⛏️,"Epherieris — tin mining town","Epherieris is a mining town of 2896 people just nearby the tin mine.",2169.89,1186.64,-54.22,92.41
26,mines,⛏️,"Bafran — iron mining town","Bafran is a mining town of 7374 people just nearby the iron mine.",1255.21,1337.13,-72.51,-18.75
27,mines,⛏️,"Scutainta — salt mining town","Scutainta is a mining town of 3020 people just nearby the salt mine.",477.05,655.82,10.29,-113.32
28,mines,⛏️,"Foxglow — salt mining town","Foxglow is a mining town of 3470 people just nearby the salt mine.",1459.96,1217.29,-57.95,6.13
29,mines,⛏️,"Sola — salt mining town","Sola is a mining town of 27367 people just nearby the salt mine.",2104.17,1207.01,-56.7,84.42
30,mines,⛏️,"Heartglow — iron mining town","Heartglow is a mining town of 11788 people just nearby the iron mine.",930.93,1281.99,-65.81,-58.16
31,mines,⛏️,"Duskfang — salt mining town","Duskfang is a mining town of 2396 people just nearby the salt mine.",1499.12,653.05,10.63,10.89
32,mines,⛏️,"Lightclaw — salt mining town","Lightclaw is a mining town of 4069 people just nearby the salt mine.",686.56,783.5,-5.23,-87.86
33,mines,⛏️,"Yeki — iron mining town","Yeki is a mining town of 8636 people just nearby the iron mine.",2550.14,1377.46,-77.42,138.62
34,mines,⛏️,"Anmasterge — iron mining town","Anmasterge is a mining town of 53448 people just nearby the iron mine.",775.03,696.5,5.35,-77.11
35,mines,⛏️,"Heartswel — lead mining town","Heartswel is a mining town of 2390 people just nearby the lead mine.",1069.82,1384.12,-78.23,-41.28
36,mines,⛏️,"Blod — copper mining town","Blod is a mining town of 22767 people just nearby the copper mine.",1107.02,1142.79,-48.89,-36.76
37,mines,⛏️,"Frostningli — gold mining town","Frostningli is a mining town of 15541 people just nearby the gold mine.",2387.67,1321.41,-70.6,118.88
38,mines,⛏️,"Thua Ninh — salt mining town","Thua Ninh is a mining town of 8828 people just nearby the salt mine.",1419.68,1248.48,-61.74,1.24
39,mines,⛏️,"Gronkul — gold mining town","Gronkul is a mining town of 22993 people just nearby the gold mine.",1018.96,549.84,23.17,-47.46
40,mines,⛏️,"Cosmimenthus — tin mining town","Cosmimenthus is a mining town of 26250 people just nearby the tin mine.",1443,1243.4,-61.12,4.07
41,mines,⛏️,"Celes — lead mining town","Celes is a mining town of 2528 people just nearby the lead mine.",2209.6,1259.1,-63.03,97.24
42,mines,⛏️,"Shadowg — silver mining town","Shadowg is a mining town of 2435 people just nearby the silver mine.",754.52,894.26,-18.69,-79.6
43,mines,⛏️,"Scutaimu — copper mining town","Scutaimu is a mining town of 2793 people just nearby the copper mine.",475.94,564.64,21.37,-113.46
44,mines,⛏️,"Stonenoms — tin mining town","Stonenoms is a mining town of 14130 people just nearby the tin mine.",1582.7,1346.37,-73.64,21.05
45,mines,⛏️,"Heart — iron mining town","Heart is a mining town of 8575 people just nearby the iron mine.",601.41,1239.69,-60.67,-98.21
46,mines,⛏️,"Canopysunder — tin mining town","Canopysunder is a mining town of 2122 people just nearby the tin mine.",1752.51,366.4,45.47,41.69
47,mines,⛏️,"Vejury — salt mining town","Vejury is a mining town of 28108 people just nearby the salt mine.",1476.61,1231.9,-59.72,8.16
48,mines,⛏️,"Malaniumg — silver mining town","Malaniumg is a mining town of 10428 people just nearby the silver mine.",1573.2,1180.4,-53.47,19.89
49,mines,⛏️,"Cres — lead mining town","Cres is a mining town of 2737 people just nearby the lead mine.",1802.9,1005.35,-32.19,47.81
50,mines,⛏️,"Stone — lead mining town","Stone is a mining town of 2768 people just nearby the lead mine.",1099.34,1136.26,-48.1,-37.69
51,bridges,🌉,"Aethera Bridge","A stone bridge spans over the Solarararixa River near Aethera.",418.03,926.56,-22.61,-120.5
52,bridges,🌉,"Stormpest Bridge","A stone bridge spans over the Stormwing River near Stormpest.",2155.32,932.85,-23.38,90.64
53,bridges,🌉,"Chainveilmen Bridge","An old crossing of the Ansoulker Branch, rarely used since being rumoured to attract trolls.",2644.25,1029.48,-35.12,150.06
54,bridges,🌉,"Glintbirons Bridge","An old crossing of the Glintbirons River, rarely used since banditry infested the area.",1851.83,978.18,-28.89,53.76
55,bridges,🌉,"Auxona Bridge","A lengthy bridge spans over the Solarararixa River near Auxona.",415.67,910.42,-20.65,-120.78
56,bridges,🌉,"Lumina Bridge","An old crossing of the Glit River, rarely used since the drying up of local trade.",2080.82,999.26,-31.45,81.59
57,bridges,🌉,"Canopywodg Bridge","A rickety bridge spans over the Canopymistd River near Canopywodg.",1953.67,299.26,53.63,66.13
58,bridges,🌉,"Frostbine Bridge","An old crossing of the Shadowhis River, rarely used since the drying up of local trade.",907.72,227.6,62.34,-60.98
59,bridges,🌉,"Scutainfle Bridge","An old crossing of the Scutainsur River, rarely used since banditry infested the area.",2641.82,815.98,-9.17,149.77
60,bridges,🌉,"Grimtfury Bridge","A wooden bridge spans over the Dravebonrush River near Grimtfury.",1170.01,226.97,62.41,-29.11
61,bridges,🌉,"Whispilight Bridge","A stone bridge spans over the Glomertex River near Whispilight.",1212.24,1139.3,-48.47,-23.97
62,bridges,🌉,"Scutaimu Bridge","A lengthy bridge spans over the Scutaimpabi River near Scutaimu.",444.36,684.1,6.85,-117.3
63,bridges,🌉,"Shale Bridge","A stone bridge spans over the Shadowsper River near Shale.",682.03,324.07,50.61,-88.41
64,bridges,🌉,"Ring Bridge","A rickety bridge spans over the Ringrinheart River near Ring.",2631.38,926.34,-22.59,148.5
65,bridges,🌉,"Sylphra Bridge","An old crossing of the Sylphra River, rarely used since banditry infested the area.",385.2,368.72,45.19,-124.49
66,bridges,🌉,"Gruntnok Bridge","An old crossing of the Grunkis River, rarely used since being rumoured to attract trolls.",2393.76,136.18,73.45,119.62
67,bridges,🌉,"Stormstrike Bridge","A stone bridge spans over the Light River near Stormstrike.",2382.21,401.32,41.22,118.22
68,bridges,🌉,"Sorax Bridge","A stone bridge spans over the Glit River near Sorax.",2165.09,982.47,-29.41,91.83
69,bridges,🌉,"Bonecrush Bridge","A lengthy bridge spans over the Shadowsper River near Bonecrush.",655.9,303.83,53.07,-91.59
70,bridges,🌉,"Stonebirons Bridge","An old crossing of the Grimt River, rarely used since banditry infested the area.",1072.23,201.55,65.5,-40.99
71,bridges,🌉,"Grog Bridge","A lengthy bridge spans over the Grimgul River near Grog.",2318.56,147.55,72.07,110.48
72,bridges,🌉,"Thunder Bridge","A stone bridge spans over the Thunder Stream near Thunder.",1901.77,65.31,82.06,59.83
73,bridges,🌉,"Night Bridge","A formidable bridge spans over the Night Creek near Temspear.",2387.67,433.65,37.29,118.88
74,bridges,🌉,"Flama Bridge","A lengthy bridge spans over the Glit River near Flama.",2191.3,1050.93,-37.73,95.01
75,bridges,🌉,"Heartwhisper Bridge","A formidable bridge spans over the Heartwhisper River near Plumesonando.",2091.16,737.11,0.41,82.84
76,bridges,🌉,"Frostglite Bridge","A stone bridge spans over the Canopyfernw River near Frostglite.",1718.32,258.67,58.56,37.53
77,bridges,🌉,"Scutainflexi Bridge","An old crossing of the Scutainviata River, rarely used since being rumoured to attract trolls.",2620.59,669.94,8.58,147.19
78,bridges,🌉,"Heartshame Bridge","A lengthy bridge spans over the Heartrot River near Heartshame.",702.01,1305.12,-68.62,-85.98
79,bridges,🌉,"Scutaindest Bridge","A stone bridge spans over the Scutainsur River near Scutaindest.",2638.13,605.42,16.42,149.32
80,bridges,🌉,"Blos Bridge","A stone bridge spans over the Vioveflade River near Blos.",1547.92,1076.57,-40.85,16.82
81,bridges,🌉,"Chry Bridge","An old crossing of the Maleveiloy River, rarely used since banditry infested the area.",1683.7,1126.2,-46.88,33.32
82,bridges,🌉,"Sola Bridge","A weathered bridge spans over the Soria River near Sola.",382.56,174.6,68.78,-124.81
83,bridges,🌉,"Blodtail Bridge","An old crossing of the Ironcrushard River, rarely used since the drying up of local trade.",945.23,203.87,65.22,-56.42
84,bridges,🌉,"Thunder Bridge","An old crossing of the Thunderlash River, rarely used since the drying up of local trade.",2400.93,407.12,40.52,120.49
85,bridges,🌉,"Gadowfury Bridge","A formidable bridge spans over the Snowshaper River near Gadowfury.",1519.37,335.9,49.17,13.35
86,bridges,🌉,"Black Bridge","A stone bridge spans over the Frostfang River near Black.",620.41,162.81,70.21,-95.9
87,bridges,🌉,"Ironshenc Bridge","An old crossing of the Frost River, rarely used since its collapse during the flood.",1329.81,411.27,40.01,-9.68
88,bridges,🌉,"Grumzok Bridge","A formidable bridge spans over the Grugnak Fork near Grumzok.",2424.14,180.14,68.11,123.31
89,bridges,🌉,"Scutaim Bridge","An old crossing of the Scutainfle River, rarely used since being rumoured to attract trolls.",2456.87,424.17,38.45,127.29
90,bridges,🌉,"Nightfang Bridge","A stone bridge spans over the Ashpelt River near Nightfang.",968.62,209.06,64.59,-53.58
91,bridges,🌉,"Ironlash Bridge","A stone bridge spans over the Rust River near Ironlash.",2670.88,1028.24,-34.97,153.3
92,bridges,🌉,"Lurerea Bridge","A stone bridge spans over the Astrara River near Lurerea.",75.05,1313.2,-69.61,-162.18
93,bridges,🌉,"Glit Bridge","A stone bridge spans over the Glit River near Lumia.",2158.54,977.66,-28.82,91.03
94,bridges,🌉,"Atmosmalea Bridge","An old crossing of the Heartwhisper River, rarely used since its collapse during the flood.",2083.29,764.37,-2.9,81.89
95,bridges,🌉,"Uvaraokdi Bridge","A stone bridge spans over the Scutaimfe River near Uvaraokdi.",2697.32,607.18,16.2,156.51
96,bridges,🌉,"Grogrothak Bridge","A wooden bridge spans over the Grimgul River near Grogrothak.",2304.45,146.04,72.25,108.77
97,bridges,🌉,"Blodclawhis Bridge","A stone bridge spans over the Black River near Blodclawhis.",708.7,147.62,72.06,-85.17
98,bridges,🌉,"Ironclaw Bridge","An old crossing of the Ringrinheart River, rarely used since being rumoured to attract trolls.",2592.6,966.9,-27.52,143.79
99,bridges,🌉,"Somora Bridge","An old crossing of the Zephyrax River, rarely used since banditry infested the area.",301.45,817.37,-9.34,-134.66
100,bridges,🌉,"Iron Bridge","An old crossing of the Blackscadow River, rarely used since banditry infested the area.",795.35,189.86,66.92,-74.64
101,bridges,🌉,"Irons Guild Bridge","An old crossing of the Ironsh River, rarely used since its collapse during the flood.",598.07,465.77,33.39,-98.62
102,bridges,🌉,"Grungor Bridge","A stone bridge spans over the Grungor River near Grungor.",2571.47,187.26,67.24,141.22
103,bridges,🌉,"Scuta Bridge","An old crossing of the Scuta River, rarely used since being rumoured to attract trolls.",2624.9,824.02,-10.15,147.71
104,bridges,🌉,"Idegadow Bridge","An old crossing of the Idegadow River, rarely used since being rumoured to attract trolls.",843.8,1110.45,-44.96,-68.75
105,inns,🍻,"The Blue Panther","A big and famous roadside inn. Delicious pickled buffalo with fire spirits is served here.",1828.68,253.53,59.19,50.94
106,inns,🍻,"The Purple Crow","A big and famous roadside tavern. Delicious pickled crow with yellow liquor is served here.",1118.37,1292.56,-67.1,-35.38
107,inns,🍻,"The Bright Mantis","A big and famous roadside inn. Delicious jugged mantis with ice absinthe is served here.",2202.49,1033.91,-35.66,96.37
108,inns,🍻,"The Hungry Tavern","A big and famous roadside tavern. Delicious braised deer with white gin is served here.",920.44,189.51,66.97,-59.44
109,inns,🍻,"The Purple Heron","A big and famous roadside tavern. Delicious spit-roasted beans with dark sap is served here.",2215.12,1129.55,-47.28,97.91
110,inns,🍻,"The Great Hawk","A big and famous roadside tavern. Delicious cured peaches with light kvass is served here.",1913.02,57.97,82.95,61.19
111,inns,🍻,"The Frozen Tavern","A big and famous roadside tavern. Delicious dry-aged beef with salty nectar is served here.",2652.2,1035.46,-35.85,151.03
112,inns,🍻,"The Giant Tavern","A big and famous roadside tavern. Delicious baked rice with smoky whisky is served here.",1472.27,291.55,54.57,7.63
113,inns,🍻,"The Light Panther","A big and famous roadside inn. Delicious pan-fried lamb with purple absinthe is served here.",649.3,172.84,68.99,-92.39
114,inns,🍻,"The Superior Ox","A big and famous roadside tavern. Delicious grilled carp with orange juice is served here.",830.94,176.83,68.51,-70.31
115,inns,🍻,"The Flying Tavern","A big and famous roadside tavern. Delicious dressed cheese with golden mead is served here.",265.21,675.98,7.84,-139.07
116,inns,🍻,"The Light Beaver","A big and famous roadside tavern. Delicious braised beaver with orange tea is served here.",1087.48,1273.27,-64.75,-39.14
117,inns,🍻,"The Fat Tavern","A big and famous roadside tavern. Delicious spit-roasted corn with fire vodka is served here.",2435.88,152.3,71.49,124.74
118,inns,🍻,"The Brave Tavern","A big and famous roadside tavern. Delicious stuffed goose with yellow kumis is served here.",2619.29,1121.88,-46.35,147.03
119,inns,🍻,"The Fat Swan","A big and famous roadside tavern. Delicious baked chicken with smelly milk is served here.",472,786.15,-5.55,-113.94
120,inns,🍻,"The Loud Jackal","A big and famous roadside tavern. Delicious fried jackal with shiny water is served here.",263.52,776.79,-4.41,-139.27
121,inns,🍻,"The Friendly Tavern","A big and famous roadside tavern. Delicious jugged pumpkin with ice liquor is served here.",1791.92,293.2,54.36,46.48
122,inns,🍻,"The Red Turtle","A big and famous roadside tavern. Delicious dry-aged olives with hot tea is served here.",2043.79,1004.93,-32.14,77.09
123,inns,🍻,"The Prime Lark","A big and famous roadside tavern. Delicious spit-roasted lark with smoky juice is served here.",1602.36,997.48,-31.23,23.44
124,inns,🍻,"The Peaceful Tavern","A big and famous roadside tavern. Delicious cured duck with cold spirits is served here.",2282.03,985.48,-29.77,106.04
125,inns,🍻,"The Honest Tavern","A big and famous roadside tavern. Delicious syrupped mango with blue vodka is served here.",1452.02,286.24,55.21,5.17
126,inns,🍻,"The Golden Buffalo","A big and famous roadside tavern. Delicious dried buffalo with ice sap is served here.",2182.14,1013,-33.12,93.9
127,inns,🍻,"The Big Tavern","A big and famous roadside tavern. Delicious pan-fried seal with orange mead is served here.",1511.16,254.78,59.03,12.35
128,inns,🍻,"The Black Hyena","A big and famous roadside inn. Delicious poached hyena with orange sap is served here.",1505.12,191.47,66.73,11.62
129,inns,🍻,"The Golden Tavern","A big and famous roadside tavern. Delicious mashed antlers with salty tequila is served here.",576.39,855.75,-14.01,-101.25
130,inns,🍻,"The Golden Swan","A big and famous roadside tavern. Delicious stewed beans with white liquor is served here.",852.86,191.25,66.76,-67.65
131,inns,🍻,"The Brown Marten","A big and famous roadside tavern. Delicious marinated pudding with fire mead is served here.",353.37,828.27,-10.67,-128.35
132,inns,🍻,"The Favorable Owl","A big and famous roadside tavern. Delicious cured owl with sour absinthe is served here.",1021.74,1367.91,-76.26,-47.13
133,inns,🍻,"The Loud Leopard","A big and famous roadside tavern. Delicious fried leopard with amber brandy is served here.",532.09,1367.33,-76.18,-106.63
134,inns,🍻,"The Sunny Jaguar","A big and famous roadside inn. Delicious smoked carp with dark kumis is served here.",389.42,319.4,51.18,-123.97
135,inns,🍻,"The Sunny Tavern","A big and famous roadside tavern. Delicious grilled broccoli with blue brandy is served here.",391.91,954.2,-25.97,-123.67
136,inns,🍻,"The Prime Inn","A big and famous roadside inn. Delicious pan-fried pig ears with fire rom is served here.",2629.46,743.76,-0.4,148.26
137,inns,🍻,"The Red Snake","A big and famous roadside inn. Delicious cured pepper with golden tequila is served here.",661.62,1337.75,-72.59,-90.89
138,inns,🍻,"The Far Tavern","A big and famous roadside tavern. Delicious deep-fried cabbage with misty vodka is served here.",2098.66,953.28,-25.86,83.76
139,inns,🍻,"The Yellow Narwhal","A big and famous roadside inn. Delicious spit-roasted bacon with smoky tea is served here.",330.54,850.72,-13.4,-131.13
140,inns,🍻,"The Dark Antelope","A big and famous roadside tavern. Delicious cured antlers with fire absinthe is served here.",2651.81,444.43,35.98,150.98
141,inns,🍻,"The Red Narwhal","A big and famous roadside tavern. Delicious braised rat tails with golden rom is served here.",2695.48,503.59,28.79,156.29
142,inns,🍻,"The Black Buffalo","A big and famous roadside tavern. Delicious flame-broiled buffalo with hot whisky is served here.",2644,732.2,1.01,150.03
143,inns,🍻,"The New Rook","A big and famous roadside inn. Delicious stuffed onions with bright tea is served here.",2648.94,1176.72,-53.02,150.63
144,inns,🍻,"The Big Tavern","A big and famous roadside tavern. Delicious baked pie with bitter rom is served here.",761.97,184.53,67.57,-78.7
145,inns,🍻,"The Grey Bear","A big and famous roadside inn. Delicious stuffed badger with shiny liquor is served here.",2699.3,568.58,20.9,156.75
146,inns,🍻,"The Light Jackal","A big and famous roadside inn. Delicious pickled duck with smelly kumis is served here.",251.2,371.8,44.81,-140.77
147,inns,🍻,"The New Wolf","A big and famous roadside inn. Delicious pan-fried wolf with white absinthe is served here.",1463.1,283.61,55.53,6.51
148,inns,🍻,"The Light Lark","A big and famous roadside tavern. Delicious pan-fried lark with dark nectar is served here.",1340.55,402.79,41.05,-8.38
149,inns,🍻,"The Golden Jackal","A big and famous roadside tavern. Delicious cured jackal with hot nectar is served here.",2511.19,1281.78,-65.79,133.89
150,inns,🍻,"The Beautiful Tavern","A big and famous roadside tavern. Delicious grilled potato with salty liquor is served here.",694.01,1276.28,-65.12,-86.96
151,inns,🍻,"The Purple Bison","A big and famous roadside inn. Delicious spit-roasted duck with sparkling whisky is served here.",2135.89,778.66,-4.64,88.28
152,lighthouses,🚨,"Scutainviabian Lighthouse","A lighthouse to serve as a beacon for ships in the open sea.",2402.52,801.38,-7.4,120.68
153,lighthouses,🚨,"Asteazean Lighthouse","A lighthouse to serve as a beacon for ships in the open sea.",1034.08,68.69,81.65,-45.63
154,lighthouses,🚨,"Crysper Lighthouse","A lighthouse to serve as a beacon for ships in the open sea.",1949.69,1053.78,-38.08,65.65
155,lighthouses,🚨,"Noctinan Lighthouse","A lighthouse to serve as a beacon for ships in the open sea.",521.85,1390.57,-79.01,-107.88
156,lighthouses,🚨,"Thunderg Lighthouse","A lighthouse to serve as a beacon for ships in the open sea.",2091.12,941.02,-24.37,82.84
157,lighthouses,🚨,"Aurarierean Lighthouse","A lighthouse to serve as a beacon for ships in the open sea.",364.87,1288.83,-66.64,-126.96
158,lighthouses,🚨,"Heartwarp Lighthouse","A lighthouse to serve as a beacon for ships in the open sea.",916.48,1216.18,-57.81,-59.92
159,lighthouses,🚨,"Celespefan Lighthouse","A lighthouse to serve as a beacon for ships in the open sea.",1082.89,1171.4,-52.37,-39.69
160,lighthouses,🚨,"Heart Lighthouse","A lighthouse to serve as a beacon for ships in the open sea.",779.22,1248.59,-61.75,-76.6
161,lighthouses,🚨,"Ironbreaver Lighthouse","A lighthouse to serve as a beacon for ships in the open sea.",2599.45,1325.9,-71.15,144.62
162,lighthouses,🚨,"Noctielian Lighthouse","A lighthouse to serve as a beacon for ships in the open sea.",121.13,758.86,-2.23,-156.58
163,lighthouses,🚨,"Etrean Lighthouse","A lighthouse to serve as a beacon for ships in the open sea.",336.14,481.92,31.43,-130.45
164,lighthouses,🚨,"Daidwalthornese Lighthouse","A lighthouse to serve as a beacon for ships in the open sea.",1401.15,1254.03,-62.41,-1.01
165,lighthouses,🚨,"Grumhog Lighthouse","A lighthouse to serve as a beacon for ships in the open sea.",2665.98,209.27,64.57,152.7
166,lighthouses,🚨,"Canopywinrayan Lighthouse","A lighthouse to serve as a beacon for ships in the open sea.",1822.64,171.85,69.11,50.21
167,lighthouses,🚨,"Sylphran Lighthouse","A lighthouse to serve as a beacon for ships in the open sea.",270.8,1101.39,-43.86,-138.39
168,lighthouses,🚨,"Irontan Lighthouse","A lighthouse to serve as a beacon for ships in the open sea.",2520.38,1218.3,-58.07,135.01
169,lighthouses,🚨,"Thunderclaw Lighthouse","A lighthouse to serve as a beacon for ships in the open sea.",2082.66,188.73,67.06,81.81
170,lighthouses,🚨,"Asenjan Lighthouse","A lighthouse to serve as a beacon for ships in the open sea.",1464.46,1253.23,-62.32,6.68
171,lighthouses,🚨,"Snowglicep Lighthouse","A lighthouse to serve as a beacon for ships in the open sea.",1390.53,290.96,54.64,-2.31
172,lighthouses,🚨,"Scutumutainese Lighthouse","A lighthouse to serve as a beacon for ships in the open sea.",2415.03,696.72,5.32,122.2
173,lighthouses,🚨,"Igniean Lighthouse","A lighthouse to serve as a beacon for ships in the open sea.",97.61,1097.54,-43.39,-159.44
174,lighthouses,🚨,"Thunderclaw Lighthouse","A lighthouse to serve as a beacon for ships in the open sea.",1787.19,25.66,86.88,45.9
175,chaos ghost town,👻,"Celian Waterfall","A gorgeous waterfall flows here.",2215.51,1151.15,-49.91,97.96
176,chaos ghost town,👻,"Nightriper Waterfall","The cascades of a stunning waterfall.",2306.7,1029.02,-35.07,109.04
177,battlefields,⚔️,"Thunderwing Battlefield","A historical battle of the Ceri-Nightvorian War. 
Date: July 17, 952 Withole Era.",2342.07,381.73,43.6,113.34
178,battlefields,⚔️,"Scutabiliabi Battlefield","A historical battle of the Heartian Rebellion. 
Date: November 12, 375 Withole Era.",2475.27,762.87,-2.72,129.53
179,battlefields,⚔️,"Thun Battlefield","A historical battle of the Itean Conquest. 
Date: October 5, 461 Withole Era.",631.4,228.21,62.26,-94.56
180,battlefields,⚔️,"Grothogron Battlefield","A historical battle of the Heartian Campaign. 
Date: November 22, 253 Withole Era.",1033.1,600.19,17.05,-45.74
181,battlefields,⚔️,"Scutainviabi Battlefield","A historical battle of the Astian Campaign. 
Date: September 8, 409 Withole Era.",404.63,642.35,11.93,-122.12
182,battlefields,⚔️,"Echora Battlefield","A historical battle of the Dusk Husk Campaign. 
Date: July 23, 1976 Withole Era.",2090.72,699.15,5.03,82.79
183,battlefields,⚔️,"Irongmaspine Battlefield","A historical battle of the Cerian War. 
Date: October 19, 431 Withole Era.",2476.22,1018.13,-33.74,129.64
184,battlefields,⚔️,"Aura Battlefield","A historical battle of the Crian Campaign. 
Date: September 10, 461 Withole Era.",1249.98,504.41,28.69,-19.39
185,battlefields,⚔️,"Sola Battlefield","A historical battle of the Asthian Invasion. 
Date: February 24, 381 Withole Era.",443.9,182.6,67.81,-117.35
186,battlefields,⚔️,"Irons Cry Battlefield","A historical battle of the Astian Campaign. 
Date: February 27, 417 Withole Era.",436.6,509.7,28.05,-118.24
187,battlefields,⚔️,"Canopymist Battlefield","A historical battle of the Heartian Intervention. 
Date: April 25, 387 Withole Era.",1787,344.96,48.07,45.88
188,battlefields,⚔️,"Stonesker Battlefield","A historical battle of the Asthian Conquest. 
Date: June 25, 460 Withole Era.",727.17,901.06,-19.51,-82.93
189,battlefields,⚔️,"Duskcrim Battlefield","A historical battle of the Canian War. 
Date: January 2, 1958 Withole Era.",1984.74,583.52,19.08,69.91
190,battlefields,⚔️,"Heartweame Battlefield","A historical battle of the Heartian Campaign. 
Date: August 5, 319 Withole Era.",600.39,1125.35,-46.77,-98.33
191,battlefields,⚔️,"Thunderflare Battlefield","A historical battle of the Dusk Husk Campaign. 
Date: May 7, 1981 Withole Era.",2180.62,529.3,25.67,93.72
192,battlefields,⚔️,"Shadowflur Battlefield","A historical battle of the Asthian Campaign. 
Date: December 28, 290 Withole Era.",822.9,373.62,44.59,-71.29
193,battlefields,⚔️,"Stormshalest Battlefield","A historical battle of the Chainese War. 
Date: April 22, 436 Withole Era.",2147.37,14.13,88.28,89.68
194,battlefields,⚔️,"Heart Battlefield","A historical battle of the Whispidean Conquest. 
Date: February 23, 253 Withole Era.",1291.36,1015.64,-33.44,-14.36
195,battlefields,⚔️,"Sylphrara Battlefield","A historical battle of the Ursinean Invasion. 
Date: January 5, 372 Withole Era.",1060.64,1126.48,-46.91,-42.4
196,battlefields,⚔️,"Jasemblis Battlefield","A historical battle of the canapan Invasion. 
Date: September 6, 245 Withole Era.",1643.05,1098.49,-43.51,28.38
197,battlefields,⚔️,"Gronkis Battlefield","A historical battle of the Cerian War. 
Date: October 3, 429 Withole Era.",2480.95,252.1,59.36,130.22
198,battlefields,⚔️,"Grind Battlefield","A historical battle of the Heartian Rebellion. 
Date: June 1, 374 Withole Era.",2613.37,1014.51,-33.3,146.31
199,battlefields,⚔️,"Irontrironw Battlefield","A historical battle of the Heartian Rebellion. 
Date: September 28, 375 Withole Era.",2680.77,1004.6,-32.1,154.5
200,ancient blood vaults,🗝️,"Dungeon","<div>Undiscovered dungeon. See <a href=""https://watabou.github.io/one-page-dungeon/?seed=5864998619580"" target=""_blank"">One page dungeon</a></div><iframe style=""pointer-events: none;"" src=""https://watabou.github.io/one-page-dungeon/?seed=5864998619580"" sandbox=""allow-scripts allow-same-origin""></iframe>",821.71,419.66,38.99,-71.44
201,ancient blood vaults,🗝️,"Dungeon","<div>Undiscovered dungeon. See <a href=""https://watabou.github.io/one-page-dungeon/?seed=5864998613007"" target=""_blank"">One page dungeon</a></div><iframe style=""pointer-events: none;"" src=""https://watabou.github.io/one-page-dungeon/?seed=5864998613007"" sandbox=""allow-scripts allow-same-origin""></iframe>",62.92,164.35,70.02,-163.65
202,ancient blood vaults,🗝️,"Dungeon","<div>Undiscovered dungeon. See <a href=""https://watabou.github.io/one-page-dungeon/?seed=58649986118443"" target=""_blank"">One page dungeon</a></div><iframe style=""pointer-events: none;"" src=""https://watabou.github.io/one-page-dungeon/?seed=58649986118443"" sandbox=""allow-scripts allow-same-origin""></iframe>",453.84,779.6,-4.75,-116.14
203,ancient blood vaults,🗝️,"Dungeon","<div>Undiscovered dungeon. See <a href=""https://watabou.github.io/one-page-dungeon/?seed=58649986123959"" target=""_blank"">One page dungeon</a></div><iframe style=""pointer-events: none;"" src=""https://watabou.github.io/one-page-dungeon/?seed=58649986123959"" sandbox=""allow-scripts allow-same-origin""></iframe>",1494.01,993.47,-30.75,10.27
204,ancient blood vaults,🗝️,"Dungeon","<div>Undiscovered dungeon. See <a href=""https://watabou.github.io/one-page-dungeon/?seed=58649986113831"" target=""_blank"">One page dungeon</a></div><iframe style=""pointer-events: none;"" src=""https://watabou.github.io/one-page-dungeon/?seed=58649986113831"" sandbox=""allow-scripts allow-same-origin""></iframe>",906.13,593.9,17.82,-61.18
205,ancient blood vaults,🗝️,"Dungeon","<div>Undiscovered dungeon. See <a href=""https://watabou.github.io/one-page-dungeon/?seed=58649986113395"" target=""_blank"">One page dungeon</a></div><iframe style=""pointer-events: none;"" src=""https://watabou.github.io/one-page-dungeon/?seed=58649986113395"" sandbox=""allow-scripts allow-same-origin""></iframe>",1147.05,580.67,19.43,-31.9
206,ancient blood vaults,🗝️,"Dungeon","<div>Undiscovered dungeon. See <a href=""https://watabou.github.io/one-page-dungeon/?seed=58649986122903"" target=""_blank"">One page dungeon</a></div><iframe style=""pointer-events: none;"" src=""https://watabou.github.io/one-page-dungeon/?seed=58649986122903"" sandbox=""allow-scripts allow-same-origin""></iframe>",1099.67,953.97,-25.95,-37.65
207,ancient blood vaults,🗝️,"Dungeon","<div>Undiscovered dungeon. See <a href=""https://watabou.github.io/one-page-dungeon/?seed=5864998611173"" target=""_blank"">One page dungeon</a></div><iframe style=""pointer-events: none;"" src=""https://watabou.github.io/one-page-dungeon/?seed=5864998611173"" sandbox=""allow-scripts allow-same-origin""></iframe>",785.31,88.33,79.26,-75.86
208,ancient blood vaults,🗝️,"Dungeon","<div>Undiscovered dungeon. See <a href=""https://watabou.github.io/one-page-dungeon/?seed=58649986160"" target=""_blank"">One page dungeon</a></div><iframe style=""pointer-events: none;"" src=""https://watabou.github.io/one-page-dungeon/?seed=58649986160"" sandbox=""allow-scripts allow-same-origin""></iframe>",1857.68,11.58,88.59,54.47
209,ancient blood vaults,🗝️,"Dungeon","<div>Undiscovered dungeon. See <a href=""https://watabou.github.io/one-page-dungeon/?seed=58649986111621"" target=""_blank"">One page dungeon</a></div><iframe style=""pointer-events: none;"" src=""https://watabou.github.io/one-page-dungeon/?seed=58649986111621"" sandbox=""allow-scripts allow-same-origin""></iframe>",780.04,508.24,28.23,-76.5
210,ancient blood vaults,🗝️,"Dungeon","<div>Undiscovered dungeon. See <a href=""https://watabou.github.io/one-page-dungeon/?seed=58649986113849"" target=""_blank"">One page dungeon</a></div><iframe style=""pointer-events: none;"" src=""https://watabou.github.io/one-page-dungeon/?seed=58649986113849"" sandbox=""allow-scripts allow-same-origin""></iframe>",1087.78,595.37,17.64,-39.1
211,ancient blood vaults,🗝️,"Dungeon","<div>Undiscovered dungeon. See <a href=""https://watabou.github.io/one-page-dungeon/?seed=58649986112725"" target=""_blank"">One page dungeon</a></div><iframe style=""pointer-events: none;"" src=""https://watabou.github.io/one-page-dungeon/?seed=58649986112725"" sandbox=""allow-scripts allow-same-origin""></iframe>",1878.94,545.31,23.72,57.05
212,ancient blood vaults,🗝️,"Dungeon","<div>Undiscovered dungeon. See <a href=""https://watabou.github.io/one-page-dungeon/?seed=5864998619928"" target=""_blank"">One page dungeon</a></div><iframe style=""pointer-events: none;"" src=""https://watabou.github.io/one-page-dungeon/?seed=5864998619928"" sandbox=""allow-scripts allow-same-origin""></iframe>",1833.77,434.32,37.21,51.56
213,ancient blood vaults,🗝️,"Dungeon","<div>Undiscovered dungeon. See <a href=""https://watabou.github.io/one-page-dungeon/?seed=5864998613437"" target=""_blank"">One page dungeon</a></div><iframe style=""pointer-events: none;"" src=""https://watabou.github.io/one-page-dungeon/?seed=5864998613437"" sandbox=""allow-scripts allow-same-origin""></iframe>",1549.72,177,68.49,17.04
214,ancient blood vaults,🗝️,"Dungeon","<div>Undiscovered dungeon. See <a href=""https://watabou.github.io/one-page-dungeon/?seed=5864998612960"" target=""_blank"">One page dungeon</a></div><iframe style=""pointer-events: none;"" src=""https://watabou.github.io/one-page-dungeon/?seed=5864998612960"" sandbox=""allow-scripts allow-same-origin""></iframe>",2260.33,161.51,70.37,103.4
215,ancient blood vaults,🗝️,"Dungeon","<div>Undiscovered dungeon. See <a href=""https://watabou.github.io/one-page-dungeon/?seed=5864998618105"" target=""_blank"">One page dungeon</a></div><iframe style=""pointer-events: none;"" src=""https://watabou.github.io/one-page-dungeon/?seed=5864998618105"" sandbox=""allow-scripts allow-same-origin""></iframe>",1656.38,360.55,46.18,30
216,ancient blood vaults,🗝️,"Dungeon","<div>Undiscovered dungeon. See <a href=""https://watabou.github.io/one-page-dungeon/?seed=58649986126911"" target=""_blank"">One page dungeon</a></div><iframe style=""pointer-events: none;"" src=""https://watabou.github.io/one-page-dungeon/?seed=58649986126911"" sandbox=""allow-scripts allow-same-origin""></iframe>",145.68,1121.1,-46.26,-153.6
217,ancient blood vaults,🗝️,"Dungeon","<div>Undiscovered dungeon. See <a href=""https://watabou.github.io/one-page-dungeon/?seed=58649986112491"" target=""_blank"">One page dungeon</a></div><iframe style=""pointer-events: none;"" src=""https://watabou.github.io/one-page-dungeon/?seed=58649986112491"" sandbox=""allow-scripts allow-same-origin""></iframe>",2065.86,536.81,24.76,79.77
218,chaos mutant,🐉,"Snapdmerna Monster","Journeying folk say a relic monster of 5 ft long inhabits Snapdmerna Lake. Truth or lie, folks are afraid to fish in the lake.",1491.07,1211.89,-57.29,9.91
219,chaos mutant,🐉,"Heartsheat Monster","Whispers say a relic monster of 12 ft long inhabits Heartsheat Lake. Truth or lie, folks are afraid to fish in the lake.",1182.85,918.98,-21.69,-27.55
220,chaos mutant,🐉,"Mong Monster","Rumors say a relic monster of 15 ft long inhabits Mong Lake. Truth or lie, folks are afraid to fish in the lake.",930.64,455.48,34.64,-58.2
221,chaos mutant,🐉,"Sylphradian Monster","Journeying folk say a relic monster of 18 ft long inhabits Sylphradian Lake. Truth or lie, folks are afraid to fish in the lake.",289.16,177.58,68.42,-136.16
222,chaos mutant,🐉,"Tempestera Monster","Whispers say a relic monster of 17 ft long inhabits Tempestera Lake. Truth or lie, folks are afraid to fish in the lake.",2104.27,543.88,23.9,84.44
223,chaos mutant,🐉,"Whiskerhof Monster","Locals say a relic monster of 16 ft long inhabits Whiskerhof Lake. Truth or lie, folks are afraid to fish in the lake.",762.76,225.86,62.55,-78.6
224,grind canyon,🦑,"Shoverton Monster","Old sailors tell stories of a gigantic sea monster inhabiting these dangerous waters. Rumors say it can be 27 ft long.",2682.85,329.03,50.01,154.75
225,grind canyon,🦑,"Berpor Monster","Old sailors tell stories of a gigantic sea monster inhabiting these dangerous waters. Rumors say it can be 45 ft long.",202.4,1159.65,-50.94,-146.7
226,grind canyon,🦑,"Salewen Monster","Old sailors tell stories of a gigantic sea monster inhabiting these dangerous waters. Rumors say it can be 24 ft long.",2165.61,358.6,46.42,91.89
227,grind canyon,🦑,"Persfield Monster","Old sailors tell stories of a gigantic sea monster inhabiting these dangerous waters. Rumors say it can be 46 ft long.",2255,202.17,65.43,102.76
228,grind canyon,🦑,"Prestone Monster","Old sailors tell stories of a gigantic sea monster inhabiting these dangerous waters. Rumors say it can be 30 ft long.",2412.1,1069.9,-40.04,121.85
229,grind canyon,🦑,"Mitbury Monster","Old sailors tell stories of a gigantic sea monster inhabiting these dangerous waters. Rumors say it can be 10 ft long.",285,948.8,-25.32,-136.66
230,cult hidout,👹,"Scutainvicti Giant","Rumors speak of a golden Giant who inhabits Scutainvicti hills and steals cattle at night.",486.48,652.88,10.65,-112.18
231,cult hidout,👹,"Mephra Cyclops","Inscriptions speak of a huge Cyclops who inhabits Mephra hills and eats kids whole.",2198.54,1104.97,-44.3,95.89
232,cult hidout,👹,"Blacktail Hydra","Rumors speak of a fat Hydra who inhabits Blacktail hills and keeps the region at bay.",740.47,813.49,-8.87,-81.31
233,cult hidout,👹,"Shadows Ogre","Elders speak of a golden Ogre who inhabits Shadows hills and abducts young women.",1418.03,1070.06,-40.05,1.04
234,cult hidout,👹,"Vormumen Giant","Journeying folk speak of a huge Giant who inhabits Vormumen hills and attacks unsuspecting victims.",1298.73,555.18,22.52,-13.46
235,cult hidout,👹,"Ironsh Troll","Legends speak of a giant Troll who inhabits Ironsh hills and eats kids whole.",615.18,525.84,26.09,-96.54
236,cult hidout,👹,"Celespeluma Ogre","Inscriptions speak of a magical Ogre who inhabits Celespeluma hills and harasses travelers in the area.",2172.17,1208.04,-56.82,92.69
237,cult hidout,👹,"Blacksmith Monster","Whispers speak of a superior Monster who inhabits Blacksmith hills and keeps the region at bay.",2398.8,1166.5,-51.78,120.23
238,D-stone mine,🗻,"Sorax Mountain","A sacred mountain of No religion. Height: 9925ft.",151.88,755.36,-1.81,-152.84
239,D-stone mine,🗻,"Xyla Mountain","A sacred mountain of No religion. Height: 10289ft.",188.79,796.33,-6.79,-148.36
240,D-stone mine,🗻,"Thun Mountain","A sacred mountain of No religion. Height: 11037ft.",873.57,267.24,57.52,-65.13
241,D-stone mine,🗻,"Grug Mountain","A sacred mountain of No religion. Height: 9925ft.",2393.25,276.93,56.34,119.56
242,D-stone mine,🗻,"Soriona Mountain","A sacred mountain of No religion. Height: 10289ft.",181.24,779.32,-4.72,-149.27
243,blackstone quarry,⚒️,"Snapdracolet Forest","A forest sacred to local Pantheon of the Reaper of Pain.",1680.51,1150.01,-49.77,32.94
244,blackstone quarry,⚒️,"Night Forest","A forest sacred to local Eurabic Beliefs.",929.4,1151.9,-50,-58.35
245,blackstone quarry,⚒️,"Snowtstrine Forest","A forest sacred to local Berberan Spirits.",1627.27,189.2,67,26.47
246,blackstone quarry,⚒️,"Heartfury Forest","A forest sacred to local Tehrani Beliefs.",1007.77,1401.49,-80.34,-48.82
247,blackstone quarry,⚒️,"Thunderw Forest","A forest sacred to local Maui Ancestors.",1110.7,165.1,69.93,-36.31
248,blackstone quarry,⚒️,"Scutaimu Forest","A forest sacred to local Turchian Beliefs.",2642.71,762.36,-2.66,149.88
249,blackstone quarry,⚒️,"Ring Forest","A forest sacred to local Turchian Beliefs.",2519.63,1330.86,-71.75,134.92
250,blackstone quarry,⚒️,"Snowsher Forest","A forest sacred to local Berberan Spirits.",1535.49,320.17,51.09,15.31
251,blackstone quarry,⚒️,"Sylphra Forest","A forest sacred to local Kaha Gods.",515,1069.99,-40.05,-108.71
252,blackstone quarry,⚒️,"Scutavibiles Forest","A forest sacred to local Ulus Beliefs.",396.21,584.95,18.91,-123.15
253,blackstone quarry,⚒️,"Sunch Forest","A forest sacred to local Pantheon of the Reaper of Pain.",1653.17,1162.83,-51.33,29.61
254,blackstone quarry,⚒️,"Lurona Forest","A forest sacred to local Maui Ancestors.",220.67,354.06,46.97,-144.48
255,blackstone quarry,⚒️,"Nierea Forest","A forest sacred to local Tehrani Beliefs.",78.26,1349.44,-74.01,-161.79
256,blackstone quarry,⚒️,"Anfironspi Forest","A forest sacred to local Turchian Beliefs.",2632.66,1081.28,-41.42,148.65
257,blackstone quarry,⚒️,"Frostclawlas Forest","A forest sacred to local Berberan Spirits.",1434.12,179.31,68.21,2.99
258,blackstone quarry,⚒️,"Lumina Forest","A forest sacred to local Maui Ancestors.",215.9,248.36,59.81,-145.06
259,blackstone quarry,⚒️,"Ironster Forest","A forest sacred to local Turchian Beliefs.",2573.74,962.47,-26.98,141.49
260,blackstone quarry,⚒️,"Aetra Forest","A forest sacred to local Carnatic Spirits.",2199.77,1088.36,-42.28,96.04
261,blackstone quarry,⚒️,"Thunderfly Forest","A forest sacred to local Carnatic Spirits.",2133.85,913.93,-21.08,88.03
262,blackstone quarry,⚒️,"Sylphriara Forest","A forest sacred to local Guantzu Beliefs.",215.21,748.91,-1.02,-145.14
263,blackstone quarry,⚒️,"Hear Forest","A forest sacred to local Kaha Gods.",723.5,1145.7,-49.25,-83.37
264,blackstone quarry,⚒️,"Ironsperfang Forest","A forest sacred to local Lijianese Deities.",1986.77,934.93,-23.63,70.16
265,blackstone quarry,⚒️,"Stormpest Forest","A forest sacred to local Lijianese Deities.",2228.4,619.79,14.67,99.52
266,blackstone quarry,⚒️,"Gromnok Forest","A forest sacred to local Turchian Beliefs.",2628.1,199.5,65.75,148.1
267,blackstone quarry,⚒️,"Igninerumi Forest","A forest sacred to local Maui Ancestors.",416.85,378.93,43.95,-120.64
268,blackstone quarry,⚒️,"Astra Forest","A forest sacred to local Guantzu Beliefs.",162.1,698.5,5.1,-151.6
269,blackstone quarry,⚒️,"Lureles Forest","A forest sacred to local Tehrani Beliefs.",151.87,1240.2,-60.73,-152.84
270,meteor crater,💥,"Ring Pinery","A pinery sacred to local Turchian Beliefs.",2436.4,1041.2,-36.55,124.8
271,meteor crater,💥,"Cerie Pinery","A pinery sacred to local Carnatic Spirits.",2210.95,1214.27,-57.58,97.4
272,warden sanctuary ,🏰,"Heart Palm Grove","A palm grove sacred to local Eurabic Beliefs.",1286.14,1010.33,-32.8,-14.99
273,warden sanctuary ,🏰,"Hearthamer Palm Grove","A palm grove sacred to local Eurabic Beliefs.",1243.24,974.55,-28.45,-20.21
274,brigands,💰,"Caver Beavers","A gang of mounted bandits.",1467.95,397.89,41.64,7.1
275,brigands,💰,"Mane Jackals","A gang of forest brigands.",1732.02,1005.55,-32.21,39.2
276,brigands,💰,"Duskspe Tigers","A gang of desert bandits.",1819.78,596.32,17.52,49.86
277,brigands,💰,"Shaletal Hyenas","A gang of mounted brigands.",1818.33,927.58,-22.74,49.69
278,brigands,💰,"Ethe Panthers","A gang of mounted highwaymen.",2028.57,729.81,1.3,75.24
279,free sky baronies,🏴‍☠️,"Pirates","Pirate ships have been spotted in these waters.",455.2,1118.2,-45.91,-115.98
280,free sky baronies,🏴‍☠️,"Pirates","Pirate ships have been spotted in these waters.",1874.58,1049.2,-37.52,56.52
281,free sky baronies,🏴‍☠️,"Pirates","Pirate ships have been spotted in these waters.",570.96,975.53,-28.57,-101.91
282,free sky baronies,🏴‍☠️,"Pirates","Pirate ships have been spotted in these waters.",2126.8,370.9,44.92,87.18
283,free sky baronies,🏴‍☠️,"Pirates","Pirate ships have been spotted in these waters.",1339.4,372.9,44.68,-8.52
284,free sky baronies,🏴‍☠️,"Pirates","Pirate ships have been spotted in these waters.",539.45,870.51,-15.8,-105.74
285,free sky baronies,🏴‍☠️,"Pirates","Pirate ships have been spotted in these waters.",2315.88,402.32,41.1,110.15
286,free sky baronies,🏴‍☠️,"Pirates","Pirate ships have been spotted in these waters.",1220.27,1409.58,-81.32,-23
287,free sky baronies,🏴‍☠️,"Pirates","Pirate ships have been spotted in these waters.",2691.62,477.45,31.97,155.82
288,free sky baronies,🏴‍☠️,"Pirates","Pirate ships have been spotted in these waters.",1295.14,321.5,50.93,-13.9
289,free sky baronies,🏴‍☠️,"Pirates","Pirate ships have been spotted in these waters.",221.68,1154.32,-50.3,-144.36
290,free sky baronies,🏴‍☠️,"Pirates","Pirate ships have been spotted in these waters.",820.7,1262.4,-63.43,-71.56
291,free sky baronies,🏴‍☠️,"Pirates","Pirate ships have been spotted in these waters.",536.5,959.2,-26.58,-106.1
292,cartel headquarters,🗿,"Ikeheim Sculpture","An ancient sculpture. It has an inscription, but no one can translate it:
        <div style=""font-size: 1.8em; line-break: anywhere;"">ᠡᠡᠮᡏᡎᠮᡜᡎ᠀ᠳᡍ᠐ᢢ᠑ᠯᡟᡟᢁᡒᢤᡀᢟᡭᡁᡰᢒᠨᠻᢟᡔᢦᡞ᠒᠑᠑ᠩᡜᢋᡀᡳᡰᠻᢀᢋᡠᡗᢏᠿᡭᢤᢞᡀᡝᡆᠿᢠᡞᡁᠲᠧ</div>",598.04,483.74,31.21,-98.62
293,cartel headquarters,🗿,"Hearthamer Column","An ancient column. It has an inscription, but no one can translate it:
        <div style=""font-size: 1.8em; line-break: anywhere;"">ፈፐሰተፀቀለከሀረ  ደጠፀጠሐሐተጠሠዐነበረኀለየሰበከ ነአአለሰጠሰየቀደረበሀነቀረፀሠቀፈአፀረ ረ ሀ ሐደአጰ ፈ ረተጠደነወኀ</div>",1071.5,1245.13,-61.33,-41.08
294,cartel headquarters,🗿,"Frostmender Megalith","An ancient megalith. It has an inscription, but no one can translate it:
        <div style=""font-size: 1.8em; line-break: anywhere;"">ᢤᠰᢋᢠᡲᢏᠳᢜᡎᢏᢁᢏᢥᡭᠳᢀᢥᠰᡔᡏ᠒ᠽ᠐ᡆᢞᡜᢁᢡᡒᡙᠭᡁᡍᡐᠲᢞ᠀ᢦᠼᠩᡐᢋᠠᢜᢟᠿᡜᡐᡙᡀᢛᠾᠮᢠᠩᢞᠻᡍᡗᠿᢓᠿᡑ</div>",1581.39,208.03,64.72,20.89
295,cartel headquarters,🗿,"Scutabi Idol","An ancient idol. It has an inscription, but no one can translate it:
        <div style=""font-size: 1.8em; line-break: anywhere;""> ዘ ኀየዐሐቀሀበከጠሐኀቀ ጠበከበ ሰሰ ወየደ ወ ገሀሐዐቀ ሀሰፈ ወደሠወሐዐዘሀተዘዘመ  ዐሐጰነየወዐዐደ ሰገሐደ ኀመከ ነሰደሐረፀ ዐከጸከፀዐጠዐፀበጰ</div>",2694.79,688.41,6.33,156.2
296,cartel headquarters,🗿,"Canopybre Sculpture","An ancient sculpture. It has an inscription, but no one can translate it:
        <div style=""font-size: 1.8em; line-break: anywhere;"">ጠ ፐየፀለወበ ሐዘጰተተበዐተሀ ዐለወ  ረፈነገሰፐሀፀ ጰከበጠለፈከፐመ ጸገገፀአጸጠደ ዐተዐጰቀሀነሐፈጰነ ከየለፈቀ</div>",1662.47,322.79,50.77,30.74
297,cartel headquarters,🗿,"Inoushout Monolith","An ancient monolith. It has an inscription, but no one can translate it:
        <div style=""font-size: 1.8em; line-break: anywhere;"">ⲴⳐⳄⳫⳘⳞⳚⳆⳆⳄⳄⳠ⳹ⳤ⳾ⳒⳆⳒⳐⳘⳬⳖ⳥ⳔⲺⲸⲶⲲ⳹⳾ⳐⳤⳖ⳪ⲶⳔⳲ⳥ⳤ⳾ⳞⳤⲸⳄⳆⳐⳀ⳧Ⲿ⳩ⲾⳖ</div>",972.46,1133.15,-47.72,-53.11
298,cartel headquarters,🗿,"Hearthrob Sculpture","An ancient sculpture. It has an inscription, but no one can translate it:
        <div style=""font-size: 1.8em; line-break: anywhere;"">༘༽་༽༚༉༰༕༲༰༯༨༑༤༊༼༿༑༣༨༻༳་༒༆༿༗༹༱༵༧༴༵༙༠༫ༀ༰༐༓</div>",882.91,1416.42,-82.15,-64
299,cartel headquarters,🗿,"Cadebrecal Megalith","An ancient megalith. It has an inscription, but no one can translate it:
        <div style=""font-size: 1.8em; line-break: anywhere;"">⳹ⳚⳬⳜ⳥ⲶⳠⳤⳄ ⳀⳌ⳹⳩Ⳣ⳩ⳚⲼⳈⳎⲾⳫⳫⳐⳎⳤⳆⳒⳔⳭⳌⳀ ⳊⳎⳒⳬ⳩ⳃ⳹ⳈⳀⳖⲲⲲⳃ⳪ⲼⳂⲶⳈⳆⳊ ⳾Ⳁ</div>",1846.26,281.18,55.83,53.08
300,cartel headquarters,🗿,"Mon Stele","An ancient stele. It has an inscription, but no one can translate it:
        <div style=""font-size: 1.8em; line-break: anywhere;"">Ⳇⳁ⳧ⳌⳌ⳥ⳚⳃⳂⲸⳤⳒⲼⳚⳢⲶⳀⳎ⳹ⳌⳀⳖ⳧ⳬⳄⳖ⳪ⳆⳘⳤⲲⳄ⳾⳹ⳊⳄⲸ⳪ⳤⲺ ⳥ⳔⳌⳈⳒⳘ⳥Ⳇ ⳩Ⳓ⳥ⲺⳚⳲⳠⳈⳄⳭ⳥Ⲷ ⳖⳘⲶ⳥ⳤⳚⲴ⳥ⲼⲼⳎ Ⲻ</div>",2072.17,670.73,8.48,80.54
301,cartel headquarters,🗿,"Heartpactfor Obelisk","An ancient obelisk. It has an inscription, but no one can translate it:
        <div style=""font-size: 1.8em; line-break: anywhere;"">በወሀደመገሀዘ  ተ የዘሠመዘዘ ፐበተጠጠረሠገሀገጠጰቀሰወወጠሠከሀነከበተፐሐበሰየበሰየሠጸዘ ጠከኀሀየ ሀፐነዐፈጠሠጠዐጠሰ ኀከጰየሀዐ በ ጠ ወየገሰ</div>",1126.01,1279.43,-65.5,-34.45
302,cartel headquarters,🗿,"Grorath Effigy","An ancient effigy. It has an inscription, but no one can translate it:
        <div style=""font-size: 1.8em; line-break: anywhere;"">��𐠜�𐠯������ ��𐠸��𐠨��𐠐�𐠊𐠈�  𐠜��𐠵���𐠬</div>",2598.47,324.4,50.57,144.5
303,cartel headquarters,🗿,"Blod Megalith","An ancient megalith. It has an inscription, but no one can translate it:
        <div style=""font-size: 1.8em; line-break: anywhere;"">������𐠦��������𐠚𐠷𐠰���𐠢��𐠖���� ���𐠡��𐠁�� ���𐠃𐠥��𐠸�����𐠃����𐠕�𐠐𐠎𐠂�� �𐠮��</div>",798.41,245.87,60.12,-74.27
304,cartel headquarters,🗿,"Scutainflexi Runestone","An ancient runestone. It has an inscription, but no one can translate it:
        <div style=""font-size: 1.8em; line-break: anywhere;"">ᠭᠡᠮᠾᡜᡆᡴᠽᠿᠲᡆᠲᠿᡎᡔᠩ᠐ᡔᡆᡏᢦᠲᠱᢟᡑᠧᠽᢂᠪᢥᢂᠧᡯᡡᡏ᠀᠑ᠿᢜᢞᠽᡳᠿᡞᢁᡜᢀᠵᢀᠨ᠑ᢜᢡᡙᡞᢞᡑᡞᡴᡓᢥᠳᡑᡗᠻᢐᡞᡰᢁ᠒ᡕ</div>",2689.28,645.72,11.52,155.53
305,cartel headquarters,🗿,"Scuta Column","An ancient column. It has an inscription, but no one can translate it:
        <div style=""font-size: 1.8em; line-break: anywhere;"">༔༽༒༲༽༱༡༚༦༫༬༁༁༂༮༂༥༊༉༮༆༄ༀ༵༪༸༫༂༸་༠༘༅༺༩༂༈༚༕༂༡ༀ༱༺༼༳༓༬༾༾༖༬༼༨༽༃</div>",489.46,687.19,6.48,-111.81
306,cartel headquarters,🗿,"Heartham Idol","An ancient idol. It has an inscription, but no one can translate it:
        <div style=""font-size: 1.8em; line-break: anywhere;"">�𐠬𐠏��𐠭�𐠑�  � �𐠓� 𐠸 ��𐠔��������𐠋��𐠢�𐠅�𐠙𐠍�𐠳����</div>",2071.2,849,-13.19,80.42
307,ruins,🏺,"Ruined Castle","Ruins of an ancient castle. Untold riches may lie within.",521.1,1188.2,-54.41,-107.97
308,ruins,🏺,"Ruined Outpost","Ruins of an ancient outpost. Untold riches may lie within.",2549.3,775.92,-4.3,138.52
309,ruins,🏺,"Ruined Fort","Ruins of an ancient fort. Untold riches may lie within.",2087.38,1049.01,-37.5,82.38
310,ruins,🏺,"Ruined Pyramid","Ruins of an ancient pyramid. Untold riches may lie within.",915.35,545.46,23.71,-60.06
311,ruins,🏺,"Ruined Sacred site","Ruins of an ancient sacred site. Untold riches may lie within.",1269.67,1079.98,-41.26,-16.99
312,ruins,🏺,"Ruined Fort","Ruins of an ancient fort. Untold riches may lie within.",1505.95,67.58,81.79,11.72
313,ruins,🏺,"Ruined Stronghold","Ruins of an ancient stronghold. Untold riches may lie within.",1709.02,658.31,9.99,36.4
314,ruins,🏺,"Ruined Fortress","Ruins of an ancient fortress. Untold riches may lie within.",1045.59,312.83,51.98,-44.23
315,ruins,🏺,"Ruined Mausoleum","Ruins of an ancient mausoleum. Untold riches may lie within.",1247.51,894.12,-18.67,-19.69
316,ruins,🏺,"Ruined Mausoleum","Ruins of an ancient mausoleum. Untold riches may lie within.",1233.19,466.7,33.28,-21.43
317,ruins,🏺,"Ruined Town","Ruins of an ancient town. Untold riches may lie within.",846.69,979,-28.99,-68.4
318,ruins,🏺,"Ruined Temple","Ruins of an ancient temple. Untold riches may lie within.",999.63,472.21,32.61,-49.81
319,ruins,🏺,"Ruined Sacred site","Ruins of an ancient sacred site. Untold riches may lie within.",2042.11,1321.79,-70.65,76.88
320,ruins,🏺,"Ruined Fort","Ruins of an ancient fort. Untold riches may lie within.",2281.09,740.96,-0.06,105.93
321,ruins,🏺,"Ruined Mausoleum","Ruins of an ancient mausoleum. Untold riches may lie within.",1953.48,685.45,6.69,66.11
322,ruins,🏺,"Ruined Fortress","Ruins of an ancient fortress. Untold riches may lie within.",1171.97,951.05,-25.59,-28.87
323,ruins,🏺,"Ruined Settlement","Ruins of an ancient settlement. Untold riches may lie within.",1726.58,481.02,31.54,38.54
324,ruins,🏺,"Ruined Pyramid","Ruins of an ancient pyramid. Untold riches may lie within.",1734.83,772.52,-3.89,39.54
325,gilded compass yard,⚖️,"Lurerumie Archive","A vast collection of knowledge, including many rare and ancient tomes.",2160.91,1034.11,-35.69,91.32
326,gilded compass yard,⚖️,"Whis Archive","A vast collection of knowledge, including many rare and ancient tomes.",1243.83,290.98,54.63,-20.13
327,circuses,🎪,"Travelling Magical Circus","Roll up, roll up, this magical circus is here for a limited time only.",891.08,1157.83,-50.72,-63
328,circuses,🎪,"Travelling Unmissable Circus","Roll up, roll up, this unmissable circus is here for a limited time only.",903.57,1266.28,-63.9,-61.49
329,circuses,🎪,"Travelling Wondrous Circus","Roll up, roll up, this wondrous circus is here for a limited time only.",2537.88,1336.79,-72.47,137.13
330,fulcrum bank,📜,"Heartswel Tournament","Warriors from around the land gather for a tournament of the greats in Heartswel, with fame, fortune and favour on offer to the victor.",1403.73,752.53,-1.46,-0.7
331,fulcrum bank,📜,"Hearthrob Competition","Warriors from around the land gather for a competition of the greats in Hearthrob, with fame, fortune and favour on offer to the victor.",666.79,1167.26,-51.87,-90.26
332,fairs,🎠,"Xylararalys Fair","A fair is being held in Xylararalys, with all manner of local and foreign goods and services on offer.",1078.77,1145.52,-49.23,-40.19
333,fairs,🎠,"Luraria Fair","A fair is being held in Luraria, with all manner of local and foreign goods and services on offer.",480.4,1084.67,-41.83,-112.92
334,smugglers hideout,💪,"Minor Jetty","A small location along the Heartshadow River to launch boats from sits here, along with a weary looking owner, willing to sell passage along the river.",1004.19,1391.81,-79.16,-49.26
335,smugglers hideout,💪,"Minor Jetty","A small location along the Rusthinpact River to launch boats from sits here, along with a weary looking owner, willing to sell passage along the river.",2657.78,1105.93,-44.41,151.71
336,crimson  corsairs yard,🐗,"Horses migration","A huge group of horses are migrating, whether part of their annual routine, or something more extraordinary.",758.64,678.79,7.5,-79.1
337,crimson  corsairs yard,🐗,"Mules migration","A huge group of mules are migrating, whether part of their annual routine, or something more extraordinary.",1463.25,757.11,-2.02,6.53
338,crimson  corsairs yard,🐗,"Bisons migration","A huge group of bisons are migrating, whether part of their annual routine, or something more extraordinary.",751.36,808.99,-8.32,-79.99
339,crimson  corsairs yard,🐗,"Bisons migration","A huge group of bisons are migrating, whether part of their annual routine, or something more extraordinary.",2525.27,318.01,51.35,135.6
340,crimson  corsairs yard,🐗,"Ravens migration","A huge group of ravens are migrating, whether part of their annual routine, or something more extraordinary.",949.47,469.59,32.93,-55.91
341,crimson  corsairs yard,🐗,"Deer migration","A huge group of deer are migrating, whether part of their annual routine, or something more extraordinary.",1304.2,1010.93,-32.87,-12.8
342,crimson  corsairs yard,🐗,"Dogs migration","A huge group of dogs are migrating, whether part of their annual routine, or something more extraordinary.",802.08,515.94,27.29,-73.82
343,silk den,💃🏽,"Montascence exhibition","A exhibition has been organised at Montascence as a chance to gather the suspected revolutionaries of the area together to be merry, make alliances and scheme around the crisis.",2082.96,701.3,4.76,81.85
344,silk den,💃🏽,"Ironsper soiree","A soiree has been organised at Ironsper as a chance to gather the nobility of the area together to be merry, make alliances and scheme around the crisis.",2632.8,947.71,-25.18,148.67
345,crash site,🎯,"Peculiar mirage","This peculiar mirage has been luring travellers out of their way for eons.",994.55,1070.42,-40.1,-50.43
346,crash site,🎯,"Diaphanous mirage","This diaphanous mirage has been luring travellers out of their way for eons.",1208.65,1106.35,-44.47,-24.41
347,caves,🦇,"Aetrea Cave","The Aetrea Cave. Locals claim that it is a good spot to hid treasure.",2171.5,1199.21,-55.75,92.61
348,caves,🦇,"Fide Chasm","The Fide Chasm. Locals claim that it is totally empty.",1148.24,428.64,37.9,-31.75
349,caves,🦇,"Plugue Chasm","The Plugue Chasm. Locals claim that it is the home of strange monsters.",1493.14,575.96,20,10.16
350,caves,🦇,"Ture Chasm","The Ture Chasm. Locals claim that it is totally empty.",1517.53,1187.73,-54.36,13.13
351,caves,🦇,"Heartreign Grotto","The Heartreign Grotto. Locals claim that it is totally empty.",849.29,1310.59,-69.29,-68.08
352,reality warps,🌀,"Guergua Portal","An element of the magic portal system connecting major city. The portals were installed centuries ago, but still work fine.",1430.06,520.19,26.78,2.5
353,reality warps,🌀,"Gazvehpabad Portal","An element of the magic portal system connecting major city. The portals were installed centuries ago, but still work fine.",530.46,1342.32,-73.14,-106.83
354,reality warps,🌀,"Abknasfe Portal","An element of the magic portal system connecting major city. The portals were installed centuries ago, but still work fine.",1737.92,314.28,51.8,39.91
355,reality warps,🌀,"Duluwayh Portal","An element of the magic portal system connecting major city. The portals were installed centuries ago, but still work fine.",1084.94,1053.25,-38.01,-39.44
356,reality warps,🌀,"Paaku Portal","An element of the magic portal system connecting major city. The portals were installed centuries ago, but still work fine.",247.06,335.78,49.19,-141.27
357,reality warps,🌀,"Delgi Portal","An element of the magic portal system connecting major city. The portals were installed centuries ago, but still work fine.",769.84,541,24.25,-77.74
358,reality warps,🌀,"Ignixa Portal","An element of the magic portal system connecting major city. The portals were installed centuries ago, but still work fine.",393.11,916.72,-21.42,-123.52
359,reality warps,🌀,"Anjaw Portal","An element of the magic portal system connecting major city. The portals were installed centuries ago, but still work fine.",2382.05,1171.92,-52.43,118.2
360,reality warps,🌀,"Stone Portal","An element of the magic portal system connecting major city. The portals were installed centuries ago, but still work fine.",906.92,210,64.48,-61.08
361,reality warps,🌀,"Brambe Portal","An element of the magic portal system connecting major city. The portals were installed centuries ago, but still work fine.",53.69,366.23,45.49,-164.77
362,reality warps,🌀,"Windlascale Portal","An element of the magic portal system connecting major city. The portals were installed centuries ago, but still work fine.",643.97,329.49,49.95,-93.04
363,reality warps,🌀,"Khourar Portal","An element of the magic portal system connecting major city. The portals were installed centuries ago, but still work fine.",675.48,856.01,-14.04,-89.21
364,reality warps,🌀,"Canopybougho Portal","An element of the magic portal system connecting major city. The portals were installed centuries ago, but still work fine.",1849.8,210,64.48,53.51
365,reality warps,🌀,"Alok Portal","An element of the magic portal system connecting major city. The portals were installed centuries ago, but still work fine.",2364.46,292.75,54.42,116.06
366,reality warps,🌀,"Aydi Portal","An element of the magic portal system connecting major city. The portals were installed centuries ago, but still work fine.",2672.76,376.53,44.24,153.53
367,reality warps,🌀,"Puzhou Portal","An element of the magic portal system connecting major city. The portals were installed centuries ago, but still work fine.",2175.83,594.24,17.78,93.13
368,reality warps,🌀,"Nyla Portal","An element of the magic portal system connecting major city. The portals were installed centuries ago, but still work fine.",431.73,1177.92,-53.16,-118.83
369,reality warps,🌀,"Hai Portal","An element of the magic portal system connecting major city. The portals were installed centuries ago, but still work fine.",1664.96,1257.85,-62.88,31.05
370,reality warps,🌀,"Luleana Portal","An element of the magic portal system connecting major city. The portals were installed centuries ago, but still work fine.",278.67,1324.9,-71.03,-137.43
371,reality warps,🌀,"Yalaozoko Portal","An element of the magic portal system connecting major city. The portals were installed centuries ago, but still work fine.",2431.88,625.03,14.03,124.25
372,reality warps,🌀,"Albepeli Portal","An element of the magic portal system connecting major city. The portals were installed centuries ago, but still work fine.",2138.01,38.13,85.37,88.54
373,reality warps,🌀,"Nightwhis Portal","An element of the magic portal system connecting major city. The portals were installed centuries ago, but still work fine.",785.42,129.82,74.22,-75.85
374,reality warps,🌀,"Scutainpe Portal","An element of the magic portal system connecting major city. The portals were installed centuries ago, but still work fine.",2659.28,716.86,2.87,151.89
375,reality warps,🌀,"Ironster Portal","An element of the magic portal system connecting major city. The portals were installed centuries ago, but still work fine.",2529.69,1183.24,-53.81,136.14
376,reality warps,🌀,"Paula Portal","An element of the magic portal system connecting major city. The portals were installed centuries ago, but still work fine.",141.1,526.87,25.96,-154.15
377,reality warps,🌀,"Cade Portal","An element of the magic portal system connecting major city. The portals were installed centuries ago, but still work fine.",1836.13,213.66,64.03,51.85
378,reality warps,🌀,"Winder Portal","An element of the magic portal system connecting major city. The portals were installed centuries ago, but still work fine.",1488.83,129.21,74.3,9.64
379,reality warps,🌀,"Ukukuileha Portal","An element of the magic portal system connecting major city. The portals were installed centuries ago, but still work fine.",71.42,130.02,74.2,-162.62
380,reality warps,🌀,"Celestix Portal","An element of the magic portal system connecting major city. The portals were installed centuries ago, but still work fine.",2153.43,1124.21,-46.64,90.41
381,reality warps,🌀,"Phu Portal","An element of the magic portal system connecting major city. The portals were installed centuries ago, but still work fine.",2012.09,1396.78,-79.76,73.23
382,reality warps,🌀,"Jangjuryepo Portal","An element of the magic portal system connecting major city. The portals were installed centuries ago, but still work fine.",493.43,798.76,-7.08,-111.33
383,reality warps,🌀,"Heartswel Portal","An element of the magic portal system connecting major city. The portals were installed centuries ago, but still work fine.",760.46,1287.08,-66.43,-78.88
384,reality warps,🌀,"Bobahar Portal","An element of the magic portal system connecting major city. The portals were installed centuries ago, but still work fine.",2328.17,67.31,81.82,111.65
385,reality warps,🌀,"Moalia Portal","An element of the magic portal system connecting major city. The portals were installed centuries ago, but still work fine.",462.71,215.29,63.83,-115.07
386,reality warps,🌀,"Oceirawen Portal","An element of the magic portal system connecting major city. The portals were installed centuries ago, but still work fine.",1882.31,498.97,29.36,57.46
387,reality warps,🌀,"Naran Portal","An element of the magic portal system connecting major city. The portals were installed centuries ago, but still work fine.",373.08,1391.2,-79.09,-125.96
388,reality warps,🌀,"Heartfury Portal","An element of the magic portal system connecting major city. The portals were installed centuries ago, but still work fine.",2138.37,710.65,3.63,88.58
389,reality warps,🌀,"Grumgul Portal","An element of the magic portal system connecting major city. The portals were installed centuries ago, but still work fine.",2411.27,140.79,72.89,121.75
390,reality warps,🌀,"Aloa Portal","An element of the magic portal system connecting major city. The portals were installed centuries ago, but still work fine.",828.74,174.14,68.84,-70.58
391,reality warps,🌀,"Thuq Portal","An element of the magic portal system connecting major city. The portals were installed centuries ago, but still work fine.",1204.42,1189.22,-54.54,-24.92
392,reality warps,🌀,"Alaoba Portal","An element of the magic portal system connecting major city. The portals were installed centuries ago, but still work fine.",2721.51,845.68,-12.78,159.45
393,reality warps,🌀,"Grumrok Portal","An element of the magic portal system connecting major city. The portals were installed centuries ago, but still work fine.",2528.18,169.59,69.39,135.96
394,reality warps,🌀,"Scutainvio Portal","An element of the magic portal system connecting major city. The portals were installed centuries ago, but still work fine.",2720.01,532.53,25.28,159.27
395,reality warps,🌀,"Aukimao Portal","An element of the magic portal system connecting major city. The portals were installed centuries ago, but still work fine.",319.32,469.03,32.99,-132.49
396,reality warps,🌀,"Hanzhou Portal","An element of the magic portal system connecting major city. The portals were installed centuries ago, but still work fine.",1879.75,988.56,-30.15,57.15
397,reality warps,🌀,"Urbah Portal","An element of the magic portal system connecting major city. The portals were installed centuries ago, but still work fine.",1361.48,1012.36,-33.04,-5.84
398,reality warps,🌀,"Sulad Portal","An element of the magic portal system connecting major city. The portals were installed centuries ago, but still work fine.",1587.91,661.23,9.63,21.68
399,reality warps,🌀,"Heartwarp Portal","An element of the magic portal system connecting major city. The portals were installed centuries ago, but still work fine.",788.39,1344.67,-73.43,-75.49
400,reality warps,🌀,"Trab Portal","An element of the magic portal system connecting major city. The portals were installed centuries ago, but still work fine.",969.49,679.83,7.37,-53.48
401,reality warps,🌀,"Balpyobaya Portal","An element of the magic portal system connecting major city. The portals were installed centuries ago, but still work fine.",2745.91,73.38,81.08,162.42
402,reality warps,🌀,"Mdiq Portal","An element of the magic portal system connecting major city. The portals were installed centuries ago, but still work fine.",1690.86,493.37,30.04,34.19
403,reality warps,🌀,"Hungshui Portal","An element of the magic portal system connecting major city. The portals were installed centuries ago, but still work fine.",400.29,980.95,-29.22,-122.65
404,reality warps,🌀,"Mupet Portal","An element of the magic portal system connecting major city. The portals were installed centuries ago, but still work fine.",2284.8,972.06,-28.14,106.38
405,reality warps,🌀,"Gongshatsau Portal","An element of the magic portal system connecting major city. The portals were installed centuries ago, but still work fine.",178.57,790.81,-6.11,-149.6
406,reality warps,🌀,"Ganji Portal","An element of the magic portal system connecting major city. The portals were installed centuries ago, but still work fine.",729.4,1270.9,-64.46,-82.65
407,reality warps,🌀,"Pleieu Loc Portal","An element of the magic portal system connecting major city. The portals were installed centuries ago, but still work fine.",2196.73,1403.96,-80.64,95.67
408,reality warps,🌀,"Ijilmimzu Portal","An element of the magic portal system connecting major city. The portals were installed centuries ago, but still work fine.",1734.79,795.3,-6.66,39.53
409,reality warps,🌀,"Araydilma Portal","An element of the magic portal system connecting major city. The portals were installed centuries ago, but still work fine.",2663.84,1174.39,-52.73,152.44
410,reality warps,🌀,"Stanskirk Portal","An element of the magic portal system connecting major city. The portals were installed centuries ago, but still work fine.",1409.5,1481,-90,0
411,reality warps,🌀,"Scutainvia Portal","An element of the magic portal system connecting major city. The portals were installed centuries ago, but still work fine.",403.15,655.75,10.3,-122.3
412,reality warps,🌀,"Heartrot Portal","An element of the magic portal system connecting major city. The portals were installed centuries ago, but still work fine.",852.5,1419,-82.46,-67.69
413,reality warps,🌀,"Tagan Portal","An element of the magic portal system connecting major city. The portals were installed centuries ago, but still work fine.",2078.65,399.63,41.43,81.32
414,reality warps,🌀,"Kada Portal","An element of the magic portal system connecting major city. The portals were installed centuries ago, but still work fine.",2540.29,871.74,-15.95,137.43
415,reality warps,🌀,"Mavand Portal","An element of the magic portal system connecting major city. The portals were installed centuries ago, but still work fine.",96.59,1361.91,-75.53,-159.56
416,reality warps,🌀,"Stormrike Portal","An element of the magic portal system connecting major city. The portals were installed centuries ago, but still work fine.",2005.69,1322.86,-70.78,72.46
417,reality warps,🌀,"Zagrimazi Portal","An element of the magic portal system connecting major city. The portals were installed centuries ago, but still work fine.",1050.42,337.86,48.94,-43.64
418,reality warps,🌀,"Kuinihi Portal","An element of the magic portal system connecting major city. The portals were installed centuries ago, but still work fine.",639.22,190.82,66.81,-93.61
419,reality warps,🌀,"Glim Portal","An element of the magic portal system connecting major city. The portals were installed centuries ago, but still work fine.",1196.76,1162.13,-51.24,-25.85
420,reality warps,🌀,"Siukingsai Portal","An element of the magic portal system connecting major city. The portals were installed centuries ago, but still work fine.",38.38,677.42,7.67,-166.64
421,reality warps,🌀,"Nila Portal","An element of the magic portal system connecting major city. The portals were installed centuries ago, but still work fine.",414.9,268.28,57.39,-120.88
422,reality warps,🌀,"Grunkog Portal","An element of the magic portal system connecting major city. The portals were installed centuries ago, but still work fine.",2365.41,307.36,52.64,116.17
423,reality warps,🌀,"Demour Portal","An element of the magic portal system connecting major city. The portals were installed centuries ago, but still work fine.",1586.7,67.6,81.78,21.54
424,reality warps,🌀,"Canopymist Portal","An element of the magic portal system connecting major city. The portals were installed centuries ago, but still work fine.",1898.91,192.15,66.65,59.48
425,reality warps,🌀,"Sylphraris Portal","An element of the magic portal system connecting major city. The portals were installed centuries ago, but still work fine.",2081.95,1013.03,-33.12,81.72
426,reality warps,🌀,"Snow Portal","An element of the magic portal system connecting major city. The portals were installed centuries ago, but still work fine.",1468.37,237.71,61.11,7.15
427,reality warps,🌀,"Scutabiliavi Portal","An element of the magic portal system connecting major city. The portals were installed centuries ago, but still work fine.",2707.07,692.41,5.84,157.7
428,reality warps,🌀,"Pyla Portal","An element of the magic portal system connecting major city. The portals were installed centuries ago, but still work fine.",369.71,975.04,-28.51,-126.37
429,reality warps,🌀,"Urinlude Portal","An element of the magic portal system connecting major city. The portals were installed centuries ago, but still work fine.",925.19,1419.74,-82.55,-58.86
430,reality warps,🌀,"Zrinenib Portal","An element of the magic portal system connecting major city. The portals were installed centuries ago, but still work fine.",1980.1,90.81,78.96,69.35
431,reality warps,🌀,"Mdiq Portal","An element of the magic portal system connecting major city. The portals were installed centuries ago, but still work fine.",1328.5,748.24,-0.94,-9.84
432,reality warps,🌀,"Oisatehon Portal","An element of the magic portal system connecting major city. The portals were installed centuries ago, but still work fine.",785.95,1144.09,-49.05,-75.78
433,sumpkin turtle train route,🎆,"Interdimensional Rift","A rumoured interdimensional rift in this area is causing nearby plants to wither and decay.",2648.91,199.58,65.74,150.63
434,sumpkin turtle train route,🎆,"Interdimensional Rift","A rumoured interdimensional rift in this area is causing cracks in reality itself to form.",1409.25,1310.24,-69.25,-0.03
435,sumpkin turtle train route,🎆,"Subterranean Rift","A rumoured subterranean rift in this area is causing all known nearby beings to flee in terror.",2537.72,578.12,19.74,137.12
436,sumpkin turtle train route,🎆,"Subterranean Rift","A rumoured subterranean rift in this area is causing an emmissary to step through with an all-powerful relic.",140.38,310.9,52.21,-154.24
437,sumpkin turtle train route,🎆,"Subterranean Rift","A rumoured subterranean rift in this area is causing cracks in reality itself to form.",1474.64,822.11,-9.92,7.92
438,sumpkin turtle train route,🎆,"Abyssal Rift","A rumoured abyssal rift in this area is causing cracks in reality itself to form.",2440.48,172.59,69.02,125.3
439,sumpkin turtle train route,🎆,"Interdimensional Rift","A rumoured interdimensional rift in this area is causing all known nearby beings to flee in terror.",1663.2,1418.6,-82.42,30.83
440,sumpkin turtle train route,🎆,"Cataclysmic Rift","A rumoured cataclysmic rift in this area is causing an emmissary to step through with an all-powerful relic.",890.67,770.57,-3.65,-63.05
441,sumpkin turtle train route,🎆,"Interdimensional Rift","A rumoured interdimensional rift in this area is causing nearby plants to wither and decay.",1779.31,151.02,71.65,44.94
442,sumpkin turtle train route,🎆,"Demonic Rift","A rumoured demonic rift in this area is causing an emmissary to step through with an all-powerful relic.",2267.7,299.86,53.56,104.3
443,sumpkin turtle train route,🎆,"Cataclysmic Rift","A rumoured cataclysmic rift in this area is causing nearby plants to wither and decay.",2263.87,282.46,55.67,103.83
444,sumpkin turtle train route,🎆,"Cosmic Rift","A rumoured cosmic rift in this area is causing an emmissary to step through with an all-powerful relic.",2418.3,518.5,26.98,122.6
445,sumpkin turtle train route,🎆,"Abyssal Rift","A rumoured abyssal rift in this area is causing nearby plants to wither and decay.",1348.3,1085.36,-41.91,-7.44
446,sumpkin turtle train route,🎆,"Subterranean Rift","A rumoured subterranean rift in this area is causing cracks in reality itself to form.",635.65,109.48,76.69,-94.05
447,sumpkin turtle train route,🎆,"Cosmic Rift","A rumoured cosmic rift in this area is causing cracks in reality itself to form.",1177.21,533.39,25.17,-28.23
448,sumpkin turtle train route,🎆,"Cataclysmic Rift","A rumoured cataclysmic rift in this area is causing all known nearby beings to flee in terror.",258,1346.3,-73.63,-139.94
449,sumpkin turtle train route,🎆,"Ancient Rift","A rumoured ancient rift in this area is causing nearby plants to wither and decay.",2730.83,778.34,-4.6,160.58
450,sumpkin turtle train route,🎆,"Abyssal Rift","A rumoured abyssal rift in this area is causing cracks in reality itself to form.",991.87,126.64,74.61,-50.76
451,sumpkin turtle train route,🎆,"Cosmic Rift","A rumoured cosmic rift in this area is causing an emmissary to step through with an all-powerful relic.",1075.52,403.71,40.93,-40.59
452,sumpkin turtle train route,🎆,"Ancient Rift","A rumoured ancient rift in this area is causing swarms of foes to spill forth.",822.15,835.61,-11.56,-71.38
453,sumpkin turtle train route,🎆,"Interdimensional Rift","A rumoured interdimensional rift in this area is causing an emmissary to step through with an all-powerful relic.",2467.48,106.93,77,128.58
454,sumpkin turtle train route,🎆,"Abyssal Rift","A rumoured abyssal rift in this area is causing an emmissary to step through with an all-powerful relic.",356.7,1165.84,-51.7,-127.95
455,sumpkin turtle train route,🎆,"Ancient Rift","A rumoured ancient rift in this area is causing swarms of foes to spill forth.",711.65,1128.28,-47.13,-84.81
456,ancient flesh lathes,💀,"Disturbed Burial","A burial site has been disturbed in this area, causing the dead to rise and attack the living.",1612.64,635.96,12.71,24.69
457,ancient flesh lathes,💀,"Disturbed Burial","A burial site has been disturbed in this area, causing the dead to rise and attack the living.",1640.8,1287.9,-66.53,28.11
458,ancient flesh lathes,💀,"Disturbed Burial","A burial site has been disturbed in this area, causing the dead to rise and attack the living.",916.1,702.69,4.6,-59.96
459,ancient flesh lathes,💀,"Disturbed Burial","A burial site has been disturbed in this area, causing the dead to rise and attack the living.",887.85,202.66,65.37,-63.4
460,ancient flesh lathes,💀,"Disturbed Burial","A burial site has been disturbed in this area, causing the dead to rise and attack the living.",867.5,1040.73,-36.49,-65.87
461,ancient flesh lathes,💀,"Disturbed Burial","A burial site has been disturbed in this area, causing the dead to rise and attack the living.",1533.59,366.39,45.47,15.08
462,ancient flesh lathes,💀,"Disturbed Burial","A burial site has been disturbed in this area, causing the dead to rise and attack the living.",1551.48,52.07,83.67,17.26
463,magisters necropolises,🪦,"Heartrot Crypt","A sprawling necropolis built within a labyrinthine network of catacombs. Its halls are lined with countless alcoves, each housing the remains of the departed, while the distant sound of rattling bones fills the air.",1239.3,1392.7,-79.27,-20.68
464,magisters necropolises,🪦,"Thunwasp Cemetery","A foreboding necropolis perched atop a jagged cliff, overlooking a desolate wasteland. Its towering walls harbor restless spirits, and the imposing gates bear the marks of countless battles and ancient curses.",1804.14,1017.98,-33.72,47.96
465,magisters necropolises,🪦,"Vebironcrus Necropolis","This ethereal necropolis seems suspended between the realms of the living and the dead. Wisps of mist dance around the tombstones, while haunting melodies linger in the air, commemorating the departed.",1782.95,1311.33,-69.38,45.39
466,magisters necropolises,🪦,"Starflight Graveyard","A desolate necropolis where an eerie stillness reigns. Time seems frozen amidst the decaying mausoleums, and the silence is broken only by the whispers of the wind and the rustle of tattered banners.",618.09,365.49,45.58,-96.18
467,magisters necropolises,🪦,"Heartrot Necropolis","A foreboding necropolis perched atop a jagged cliff, overlooking a desolate wasteland. Its towering walls harbor restless spirits, and the imposing gates bear the marks of countless battles and ancient curses.",1370.41,776.01,-4.32,-4.75
468,magisters necropolises,🪦,"Heartshroury Crypt","A desolate necropolis where an eerie stillness reigns. Time seems frozen amidst the decaying mausoleums, and the silence is broken only by the whispers of the wind and the rustle of tattered banners.",1296.32,1041.74,-36.61,-13.76
469,magisters necropolises,🪦,"Primrolethe Tomb","A sprawling necropolis built within a labyrinthine network of catacombs. Its halls are lined with countless alcoves, each housing the remains of the departed, while the distant sound of rattling bones fills the air.",1748.1,1145.4,-49.21,41.15
470,mandate of the chain hall,🧙,"Random encounter","<div>You have encountered a character.</div><iframe src=""https://deorum.vercel.app/encounter/15225"" width=""375"" height=""600"" sandbox=""allow-scripts allow-same-origin allow-popups""></iframe>",2469.16,644.77,11.63,128.78
471,mandate of the chain hall,🧙,"Random encounter","<div>You have encountered a character.</div><iframe src=""https://deorum.vercel.app/encounter/31390"" width=""375"" height=""600"" sandbox=""allow-scripts allow-same-origin allow-popups""></iframe>",923.26,1301.55,-68.19,-59.09
472,mandate of the chain hall,🧙,"Random encounter","<div>You have encountered a character.</div><iframe src=""https://deorum.vercel.app/encounter/31042"" width=""375"" height=""600"" sandbox=""allow-scripts allow-same-origin allow-popups""></iframe>",1630.39,1282.15,-65.83,26.85
473,mandate of the chain hall,🧙,"Random encounter","<div>You have encountered a character.</div><iframe src=""https://deorum.vercel.app/encounter/14193"" width=""375"" height=""600"" sandbox=""allow-scripts allow-same-origin allow-popups""></iframe>",2160.47,610.77,15.77,91.27
474,mandate of the chain hall,🧙,"Random encounter","<div>You have encountered a character.</div><iframe src=""https://deorum.vercel.app/encounter/31758"" width=""375"" height=""600"" sandbox=""allow-scripts allow-same-origin allow-popups""></iframe>",794.85,1318.9,-70.3,-74.7
475,mandate of the chain hall,🧙,"Random encounter","<div>You have encountered a character.</div><iframe src=""https://deorum.vercel.app/encounter/21621"" width=""375"" height=""600"" sandbox=""allow-scripts allow-same-origin allow-popups""></iframe>",1048.37,901.19,-19.53,-43.89
476,mandate of the chain hall,🧙,"Random encounter","<div>You have encountered a character.</div><iframe src=""https://deorum.vercel.app/encounter/23415"" width=""375"" height=""600"" sandbox=""allow-scripts allow-same-origin allow-popups""></iframe>",977.69,972.42,-28.19,-52.48
477,mandate of the chain hall,🧙,"Random encounter","<div>You have encountered a character.</div><iframe src=""https://deorum.vercel.app/encounter/13576"" width=""375"" height=""600"" sandbox=""allow-scripts allow-same-origin allow-popups""></iframe>",624.8,583.16,19.12,-95.37
478,mandate of the chain hall,🧙,"Random encounter","<div>You have encountered a character.</div><iframe src=""https://deorum.vercel.app/encounter/30655"" width=""375"" height=""600"" sandbox=""allow-scripts allow-same-origin allow-popups""></iframe>",1715.53,1263.26,-63.54,37.19
479,mandate of the chain hall,🧙,"Random encounter","<div>You have encountered a character.</div><iframe src=""https://deorum.vercel.app/encounter/3479"" width=""375"" height=""600"" sandbox=""allow-scripts allow-same-origin allow-popups""></iframe>",1851.5,181.5,67.94,53.72
480,mandate of the chain hall,🧙,"Random encounter","<div>You have encountered a character.</div><iframe src=""https://deorum.vercel.app/encounter/13417"" width=""375"" height=""600"" sandbox=""allow-scripts allow-same-origin allow-popups""></iframe>",1372.59,576.45,19.94,-4.49
481,mandate of the chain hall,🧙,"Random encounter","<div>You have encountered a character.</div><iframe src=""https://deorum.vercel.app/encounter/8796"" width=""375"" height=""600"" sandbox=""allow-scripts allow-same-origin allow-popups""></iframe>",273.34,395.08,41.98,-138.08
482,mandate of the chain hall,🧙,"Random encounter","<div>You have encountered a character.</div><iframe src=""https://deorum.vercel.app/encounter/24263"" width=""375"" height=""600"" sandbox=""allow-scripts allow-same-origin allow-popups""></iframe>",2132.79,1002.84,-31.88,87.9
483,mandate of the chain hall,🧙,"Random encounter","<div>You have encountered a character.</div><iframe src=""https://deorum.vercel.app/encounter/7288"" width=""375"" height=""600"" sandbox=""allow-scripts allow-same-origin allow-popups""></iframe>",1858.48,335.75,49.19,54.57
484,mandate of the chain hall,🧙,"Random encounter","<div>You have encountered a character.</div><iframe src=""https://deorum.vercel.app/encounter/2213"" width=""375"" height=""600"" sandbox=""allow-scripts allow-same-origin allow-popups""></iframe>",2351.7,128.1,74.43,114.51
485,mandate of the chain hall,🧙,"Random encounter","<div>You have encountered a character.</div><iframe src=""https://deorum.vercel.app/encounter/17696"" width=""375"" height=""600"" sandbox=""allow-scripts allow-same-origin allow-popups""></iframe>",911.12,748.07,-0.92,-60.57
486,mandate of the chain hall,🧙,"Random encounter","<div>You have encountered a character.</div><iframe src=""https://deorum.vercel.app/encounter/20151"" width=""375"" height=""600"" sandbox=""allow-scripts allow-same-origin allow-popups""></iframe>",1882.11,840.36,-12.14,57.44
487,mandate of the chain hall,🧙,"Random encounter","<div>You have encountered a character.</div><iframe src=""https://deorum.vercel.app/encounter/18695"" width=""375"" height=""600"" sandbox=""allow-scripts allow-same-origin allow-popups""></iframe>",251.48,791.87,-6.24,-140.74