Id,River,Type,Discharge,Length,Width,Basin
318,Shadowchwing,River,6394 m³/s,11735 km,15.68 km,Shadowchwing
1585,Darkp,River,5915 m³/s,2545 km,21.28 km,Scutaimpavi
248,Glim,River,5349 m³/s,9032 km,22.96 km,Glim
1127,Scutainfle,River,3017 m³/s,4160 km,5.6 km,Scutainfle
81,Frosthorn,River,2816 m³/s,8996 km,8.96 km,Frosthorn
365,Phoexia,River,2803 m³/s,9163 km,5.88 km,Scutaimpavi
1069,Echodrone,River,2715 m³/s,3085 km,19.32 km,Echodrone
137,Canopyshano,River,2365 m³/s,6970 km,6.44 km,Canopyshano
541,Gadowhelp,River,2198 m³/s,3010 km,4.2 km,Gadowhelp
175,Mistspide,River,2146 m³/s,13674 km,7.84 km,Glim
197,Wildter,River,2051 m³/s,9222 km,7.14 km,Wildter
419,Icerer,River,1873 m³/s,4576 km,4.62 km,Icerer
312,Grik,River,1706 m³/s,2835 km,3.5 km,Grik
145,Luxola,River,1704 m³/s,2236 km,2.66 km,Canovewhis
246,Bonespiter,River,1677 m³/s,5714 km,5.18 km,Bonespiter
101,Night,River,1652 m³/s,6595 km,5.18 km,Night
1609,Scutaimpavi,River,1608 m³/s,1941 km,13.3 km,Scutaimpavi
1597,Scutainfle,River,1581 m³/s,2215 km,9.8 km,Scutainfle
53,Hironwnest,River,1539 m³/s,5992 km,3.64 km,Shadowchwing
200,Silder,River,1525 m³/s,9520 km,6.58 km,Silder
428,Canovewhis,River,1522 m³/s,2608 km,16.24 km,Canovewhis
564,Scutainviola,Fork,1417 m³/s,6108 km,3.5 km,Scutainfle
1422,Heartflave,River,1350 m³/s,4232 km,3.64 km,Heartflave
473,Canove,River,1210 m³/s,3725 km,3.22 km,Canove
70,Shadowhis,River,1178 m³/s,7901 km,5.32 km,Shadowhis
1633,Stormspiron,River,1020 m³/s,414 km,11.62 km,Stormspiron
103,Thunder,River,1014 m³/s,5290 km,3.78 km,Thunder
527,Crystal,River,1011 m³/s,5005 km,2.38 km,Shadowchwing
367,Whis,River,1000 m³/s,5185 km,3.64 km,Whis
517,Monwfanglow,River,893 m³/s,2280 km,1.82 km,Gadowhelp
47,Canoresper,River,891 m³/s,6669 km,3.92 km,Canoresper
1040,Ironth'shard,River,890 m³/s,4293 km,3.22 km,Ironth'shard
1472,Grognak,River,869 m³/s,3867 km,2.94 km,Grognak
1592,Zephyrora,River,869 m³/s,1372 km,2.66 km,Zephyrora
436,Noclonantus,River,838 m³/s,4892 km,2.24 km,Scutaimpavi
682,Ceristix,River,829 m³/s,2006 km,2.66 km,Ceristix
1586,Dainetala,River,780 m³/s,3175 km,2.66 km,Dainetala
208,Crystrite,River,775 m³/s,5001 km,2.38 km,Shadowchwing
1204,Dazle,River,775 m³/s,3330 km,1.96 km,Scutaimpavi
1488,Xyla,Fork,736 m³/s,2109 km,1.82 km,Canovewhis
1746,Heartrotfu,Creek,716 m³/s,220 km,7 km,Heartrotfu
1066,Ironwraith,River,712 m³/s,2979 km,2.38 km,Ironwraith
166,Thunderg,River,703 m³/s,3012 km,2.24 km,Thunderg
1610,Heartsheat,River,687 m³/s,1551 km,2.94 km,Heartsheat
71,Mornwraith,River,686 m³/s,5873 km,2.8 km,Night
455,Stonenomsca,River,681 m³/s,2473 km,2.24 km,Stonenomsca
606,Ephemerea,River,680 m³/s,1319 km,1.68 km,Ephemerea
457,Icestalker,River,678 m³/s,2494 km,2.1 km,Icestalker
1051,Grimkor,River,673 m³/s,2103 km,1.96 km,Grimkor
955,Peowersdana,River,664 m³/s,380 km,6.16 km,Peowersdana
154,Lightshadow,River,660 m³/s,3685 km,2.52 km,Lightshadow
1621,Grung,River,650 m³/s,2202 km,1.96 km,Grung
130,Crysperpelt,River,638 m³/s,3148 km,1.68 km,Frosthorn
601,Heartflave,River,627 m³/s,2669 km,1.96 km,Heartflave
1076,Stormshale,River,613 m³/s,2096 km,1.82 km,Stormshale
363,Dusksigh,Fork,608 m³/s,4698 km,2.1 km,Shadowchwing
475,Dawnbladow,River,600 m³/s,2762 km,2.24 km,Dawnbladow
496,Heartlom,River,598 m³/s,1621 km,1.68 km,Heartlom
521,Coldstingler,River,581 m³/s,2220 km,1.96 km,Coldstingler
1086,Aetra,Fork,577 m³/s,2282 km,1.54 km,Echodrone
558,Grumgul,Fork,559 m³/s,2015 km,1.4 km,Grik
149,Cadowg,River,557 m³/s,2379 km,1.54 km,Canovewhis
305,Shadow,River,533 m³/s,1902 km,1.82 km,Shadow
463,Duskglom,River,525 m³/s,2805 km,1.54 km,Scutaimpavi
193,Sylphria,River,517 m³/s,2257 km,1.54 km,Echodrone
1124,Hearthrob,River,517 m³/s,1545 km,1.96 km,Hearthrob
1048,Blodclaw,River,509 m³/s,1431 km,1.26 km,Frosthorn
582,Ider,River,495 m³/s,1325 km,1.54 km,Ider
389,Canoveben,River,489 m³/s,2068 km,1.4 km,Canovewhis
1504,Night,River,487 m³/s,1103 km,1.4 km,Night
1628,Scutaim,River,483 m³/s,1464 km,1.54 km,Scutaim
461,Eldrixa,River,466 m³/s,1463 km,1.12 km,Echodrone
1151,Hyaragons,River,460 m³/s,2047 km,1.68 km,Hyaragons
381,Grind,Fork,455 m³/s,1898 km,1.26 km,Gadowhelp
421,Canovevoice,River,454 m³/s,3259 km,1.54 km,Canopyshano
491,Nocturnyx,River,449 m³/s,1619 km,1.54 km,Nocturnyx
1116,Grumgul,Fork,441 m³/s,1512 km,1.4 km,Scutainfle
573,Cerearine,River,434 m³/s,1117 km,1.26 km,Cerearine
1117,Scutainviabi,River,428 m³/s,1851 km,1.82 km,Scutainviabi
1154,Flam,River,424 m³/s,1451 km,1.4 km,Flam
492,Thunfurytail,River,420 m³/s,1620 km,1.54 km,Thunfurytail
122,Scutaim,River,408 m³/s,3119 km,1.96 km,Scutaim
1137,Scutaintabi,River,407 m³/s,884 km,1.26 km,Scutaintabi
1060,Nighthunder,River,401 m³/s,2486 km,1.96 km,Nighthunder
1114,Murkg,River,400 m³/s,2206 km,1.26 km,Glim
553,Bone,River,383 m³/s,1860 km,1.54 km,Bone
519,Night,River,377 m³/s,2229 km,1.82 km,Night
152,Whishield,River,373 m³/s,1196 km,1.26 km,Stormspiron
449,Iron,River,372 m³/s,3026 km,1.96 km,Iron
530,Frost,River,369 m³/s,2052 km,1.26 km,Canopyshano
549,Shadowing,River,369 m³/s,1922 km,1.54 km,Shadowing
1629,Frostwicest,River,365 m³/s,858 km,1.12 km,Frostwicest
183,Thunder,River,360 m³/s,280 km,0.98 km,Thunder
579,Spironwing,River,357 m³/s,1540 km,1.4 km,Spironwing
411,Calew,Fork,355 m³/s,2401 km,1.26 km,Canopyshano
661,Vestix,River,355 m³/s,2032 km,1.54 km,Vestix
255,Frost,Fork,352 m³/s,2355 km,1.26 km,Gadowhelp
416,Heartlomer,River,352 m³/s,2713 km,1.4 km,Glim
578,Grumnok,River,351 m³/s,1786 km,1.26 km,Grumnok
159,Snow,Fork,347 m³/s,1590 km,1.12 km,Stormspiron
585,Zephyxa,River,345 m³/s,1424 km,1.54 km,Zephyxa
434,Blodclaw,River,338 m³/s,1423 km,0.98 km,Bonespiter
542,Glimshaze,River,337 m³/s,1741 km,1.54 km,Glimshaze
467,Swift,River,328 m³/s,1273 km,1.26 km,Swift
1485,Heartshard,River,327 m³/s,1482 km,1.26 km,Heartshard
452,Fulgulea,River,320 m³/s,1751 km,1.4 km,Fulgulea
462,Lumie,River,320 m³/s,1979 km,1.54 km,Lumie
611,Lumina,River,318 m³/s,934 km,1.12 km,Lumina
313,Scutabibus,River,317 m³/s,1498 km,0.98 km,Scutaimpavi
539,Nightfang,River,315 m³/s,1961 km,1.12 km,Scutaimpavi
547,Blackscadows,River,314 m³/s,1300 km,0.98 km,Frosthorn
102,Heartcrown,Fork,310 m³/s,3253 km,1.4 km,Glim
1139,Astrex,River,308 m³/s,470 km,2.24 km,Astrex
512,Rust,River,306 m³/s,2618 km,1.26 km,Ironth'shard
1460,Cadevoide,River,305 m³/s,1333 km,0.84 km,Canove
1410,Hyarimentsha,Fork,303 m³/s,1794 km,1.12 km,Wildter
535,Nightfury,River,301 m³/s,1373 km,0.98 km,Scutaimpavi
1131,Grunthor,Fork,295 m³/s,1822 km,0.98 km,Grognak
515,Blacksmith,River,293 m³/s,2109 km,1.68 km,Blacksmith
557,Grongor,River,293 m³/s,1096 km,1.26 km,Grongor
308,Heartwhisper,River,290 m³/s,2167 km,1.26 km,Glim
647,Snowhishout,River,288 m³/s,1705 km,0.98 km,Silder
667,Heartlomer,River,285 m³/s,1574 km,1.26 km,Heartlomer
481,Emberthroud,River,284 m³/s,3303 km,1.4 km,Glim
672,Inerer,Fork,283 m³/s,955 km,0.84 km,Icerer
1208,Cerixa,River,282 m³/s,1128 km,1.26 km,Cerixa
128,Stor,River,280 m³/s,2062 km,1.54 km,Stor
1620,Black,Fork,276 m³/s,1837 km,0.98 km,Shadowhis
493,Nocturnina,River,275 m³/s,1089 km,0.84 km,Ceristix
1112,Lumina,River,273 m³/s,928 km,0.7 km,Scutainfle
124,Heart,River,269 m³/s,1052 km,1.12 km,Heart
448,Blacksmit,River,269 m³/s,1795 km,1.4 km,Blacksmit
494,Nerisperura,River,268 m³/s,1150 km,1.26 km,Nerisperura
1192,Nightriper,River,267 m³/s,1541 km,1.26 km,Nightriper
192,Grumrok,Fork,261 m³/s,4900 km,2.1 km,Glim
387,Inely,Fork,261 m³/s,2049 km,1.12 km,Wildter
1136,Heartrotwea,River,260 m³/s,940 km,1.12 km,Heartrotwea
1614,Igna,Fork,260 m³/s,989 km,0.84 km,Ephemerea
1071,Scutainfle,Fork,259 m³/s,2430 km,1.26 km,Scutainfle
1467,Night,Fork,259 m³/s,1560 km,0.98 km,Scutaimpavi
1484,Astrex,River,258 m³/s,824 km,1.26 km,Astrex
567,Astrex,River,255 m³/s,1614 km,1.4 km,Astrex
1173,Irong,River,255 m³/s,982 km,1.26 km,Irong
1412,Ineclawing,River,255 m³/s,1759 km,0.98 km,Shadowchwing
1090,Scutaindest,River,250 m³/s,784 km,0.7 km,Scutainfle
1120,Scutaindest,River,250 m³/s,1619 km,1.12 km,Scutainfle
1182,Hearthamer,Fork,246 m³/s,1216 km,0.84 km,Heartrotfu
1225,Scutainviola,River,246 m³/s,1336 km,0.84 km,Scutaimpavi
1270,Grumzok,River,243 m³/s,565 km,0.98 km,Grumzok
1166,Snowtglike,River,242 m³/s,1000 km,0.7 km,Icerer
376,Calonsper,River,239 m³/s,1771 km,0.98 km,Canovewhis
1421,Heartgarge,River,239 m³/s,1372 km,1.26 km,Heartgarge
96,Glintbite,Fork,236 m³/s,1378 km,0.98 km,Shadowchwing
532,Frostmender,River,236 m³/s,1589 km,1.26 km,Frostmender
138,Crystal,Fork,224 m³/s,1100 km,0.84 km,Shadowchwing
258,Fulgumine,River,223 m³/s,1066 km,0.98 km,Fulgumine
1216,Noctur,River,222 m³/s,843 km,0.98 km,Noctur
253,Frost,River,221 m³/s,1413 km,0.84 km,Frosthorn
1055,Whirlwind,River,221 m³/s,1642 km,0.98 km,Wildter
545,Celuxonarax,River,220 m³/s,2102 km,0.98 km,Glim
1224,Ironwhisper,River,220 m³/s,953 km,0.98 km,Ironwhisper
437,Darkshard,River,219 m³/s,1617 km,1.4 km,Darkshard
443,Mon,River,219 m³/s,1493 km,0.84 km,Stonenomsca
1106,Flamalystix,River,219 m³/s,1225 km,1.12 km,Flamalystix
1149,Thunderclaw,Fork,219 m³/s,1640 km,0.98 km,Echodrone
95,Shadowflare,River,218 m³/s,1602 km,0.98 km,Shadowchwing
1109,Nocturna,River,218 m³/s,1130 km,1.12 km,Nocturna
259,Geveilane,River,217 m³/s,619 km,0.84 km,Geveilane
1098,Shave,River,217 m³/s,559 km,0.84 km,Shave
1476,Nixa,River,217 m³/s,868 km,1.12 km,Nixa
833,Ceraris,River,213 m³/s,293 km,0.84 km,Ceraris
113,Maragonswish,River,212 m³/s,786 km,0.98 km,Maragonswish
1490,Auma,River,210 m³/s,673 km,0.98 km,Scutaimpavi
711,Scuta,Fork,209 m³/s,1341 km,0.84 km,Scutaim
1713,Sora,River,206 m³/s,178 km,1.4 km,Sora
1079,Numbglire,River,205 m³/s,1805 km,0.98 km,Silder
604,Scutainviabi,River,203 m³/s,741 km,0.56 km,Ironwraith
618,Astrealys,River,202 m³/s,915 km,0.98 km,Astrealys
1448,Heartveil,River,201 m³/s,933 km,1.12 km,Heartveil
202,Gadowfang,River,200 m³/s,3264 km,1.54 km,Gadowfang
423,Dusknightsna,Fork,200 m³/s,729 km,0.7 km,Scutaimpavi
637,Sora,River,196 m³/s,800 km,0.98 km,Sora
1093,Grumt,River,196 m³/s,1332 km,1.12 km,Grumt
1128,Nightwhirl,Fork,196 m³/s,590 km,0.84 km,Stormshale
1177,Ironstaltoe,River,196 m³/s,1004 km,0.98 km,Ironstaltoe
1606,Furo,River,196 m³/s,1437 km,0.84 km,Heartflave
642,Nightglide,River,195 m³/s,870 km,0.84 km,Nightglide
164,Nightfang,River,194 m³/s,1672 km,1.12 km,Stormspiron
1483,Glit,River,194 m³/s,800 km,0.7 km,Shadowchwing
1468,Grumok,River,192 m³/s,702 km,0.7 km,Grognak
638,Astralys,River,191 m³/s,565 km,0.98 km,Astralys
649,Nightglide,River,191 m³/s,688 km,0.7 km,Shadow
746,Heartcrad,River,191 m³/s,504 km,0.56 km,Heartrotfu
1461,Dazle,Fork,191 m³/s,1232 km,0.84 km,Scutaimpavi
198,Grumbrok,Fork,190 m³/s,1909 km,1.12 km,Glim
466,Bladow,River,187 m³/s,1051 km,0.98 km,Bladow
641,Glint,River,186 m³/s,709 km,0.84 km,Glint
477,Caver,Fork,183 m³/s,1588 km,0.84 km,Canove
1092,Aulerearilu,Fork,182 m³/s,549 km,0.7 km,Silder
556,Ceraria,River,181 m³/s,1284 km,1.12 km,Ceraria
607,Mephrilulea,River,181 m³/s,825 km,1.12 km,Mephrilulea
1147,Grompak,River,180 m³/s,1515 km,0.84 km,Scutainfle
1070,Scutainperia,River,178 m³/s,850 km,0.7 km,Scutainfle
1183,Heart,River,177 m³/s,1005 km,0.7 km,Heartsheat
691,Thunheart,River,174 m³/s,836 km,0.98 km,Thunheart
97,Heartechone,River,173 m³/s,995 km,0.7 km,Glim
552,Grumbol,Fork,173 m³/s,935 km,0.7 km,Grung
1108,Heartrotga,River,173 m³/s,1215 km,1.12 km,Heartrotga
502,Temfume,River,172 m³/s,993 km,0.84 km,Temfume
566,Grungor,River,172 m³/s,1176 km,0.84 km,Scutainfle
599,Snowclawhide,River,170 m³/s,817 km,0.98 km,Snowclawhide
1091,Sorax,River,170 m³/s,548 km,0.56 km,Canovewhis
1,Scutabi,River,168 m³/s,1922 km,0.98 km,Thunder
125,Sympsexialea,River,167 m³/s,691 km,0.98 km,Sympsexialea
756,Echone,River,167 m³/s,532 km,0.84 km,Echone
106,Scutainpexi,River,166 m³/s,1302 km,0.84 km,Shadowchwing
613,Blacksmit,River,165 m³/s,794 km,0.98 km,Blacksmit
1203,Lightblare,River,164 m³/s,557 km,0.84 km,Lightblare
309,Frost,Fork,160 m³/s,885 km,0.7 km,Scutaimpavi
470,Celes,River,160 m³/s,563 km,0.84 km,Celes
132,Stormwhiplu,River,159 m³/s,282 km,0.7 km,Stormwhiplu
610,Canopysunce,River,159 m³/s,987 km,0.98 km,Canopysunce
1745,Scutaimu,River,159 m³/s,452 km,0.7 km,Scutaimu
1080,Canopyshano,Fork,158 m³/s,819 km,0.84 km,Canoresper
1657,Ironvilst,River,157 m³/s,460 km,0.84 km,Ironvilst
179,Cerararara,River,156 m³/s,932 km,0.7 km,Thunder
433,Phosphornie,River,156 m³/s,925 km,0.7 km,Echodrone
315,Cade,Fork,155 m³/s,1467 km,0.98 km,Glim
1498,Heartswel,River,155 m³/s,497 km,0.7 km,Heartswel
1470,Scutaimuta,Fork,153 m³/s,647 km,0.7 km,Scutaimpavi
588,Auminana,Fork,152 m³/s,591 km,0.56 km,Nocturnyx
1487,Liliesmos,River,152 m³/s,761 km,0.84 km,Liliesmos
1582,Scutaproria,River,152 m³/s,1105 km,0.7 km,Scutainfle
686,Shadowt,River,151 m³/s,673 km,0.98 km,Shadowt
1195,Heartwhisper,River,151 m³/s,634 km,0.7 km,Heartlom
1053,Heartshard,Fork,148 m³/s,1645 km,0.84 km,Glim
1641,Canorestcal,Fork,148 m³/s,857 km,0.84 km,Canove
1584,Aura,Fork,147 m³/s,844 km,0.7 km,Scutaimpavi
384,Duskblation,Fork,146 m³/s,730 km,0.7 km,Scutaimpavi
716,Aurarispe,River,146 m³/s,309 km,0.56 km,Aurarispe
1062,Thornsur,Fork,146 m³/s,1082 km,0.7 km,Shadowchwing
104,Scutaimu,River,144 m³/s,1626 km,0.84 km,Thunder
450,Stody,Fork,144 m³/s,1669 km,0.84 km,Thunfurytail
478,Snowlastorm,River,144 m³/s,1724 km,0.84 km,Heartlom
1250,Night,River,143 m³/s,288 km,0.56 km,Night
997,Scutainviabi,Stream,142 m³/s,234 km,0.84 km,Scutainviabi
1206,Heartlom,River,142 m³/s,762 km,0.84 km,Heartlom
1167,Canopywispw,Fork,141 m³/s,1144 km,0.7 km,Heartrotfu
454,Caver,River,140 m³/s,1512 km,0.84 km,Canoresper
126,Grorath,Fork,139 m³/s,617 km,0.56 km,Grimkor
690,Astrex,River,139 m³/s,946 km,0.84 km,Astrex
836,Heartlom,River,139 m³/s,491 km,0.84 km,Heartlom
168,Duskshadow,Fork,135 m³/s,887 km,0.7 km,Scutaimpavi
250,Nightfang,River,135 m³/s,1462 km,0.84 km,Bonespiter
747,Thunder,River,135 m³/s,379 km,0.84 km,Thunder
1456,Vestia,River,135 m³/s,375 km,0.98 km,Vestia
1627,Scutaproria,River,135 m³/s,1199 km,0.98 km,Scutaproria
80,Thunder,River,134 m³/s,1533 km,0.84 km,Whis
480,Canopyfopyc,Fork,134 m³/s,901 km,0.7 km,Canopyshano
704,Heartbough,River,134 m³/s,408 km,0.7 km,Heartbough
1450,Heartwarp,River,134 m³/s,765 km,0.84 km,Heartwarp
628,Bonescadowc,River,133 m³/s,933 km,0.84 km,Bonescadowc
1457,Shadow,River,133 m³/s,1338 km,0.84 km,Shadowhis
832,Hear,River,132 m³/s,326 km,1.12 km,Hear
1061,Heartwarp,River,132 m³/s,760 km,0.56 km,Heartflave
1514,Scutaprolabi,River,132 m³/s,345 km,0.56 km,Scutaprolabi
1723,Aetherumixa,River,132 m³/s,547 km,0.84 km,Aetherumixa
465,Canopytano,Fork,131 m³/s,548 km,0.98 km,Canopyshano
504,Hitenomw,Fork,131 m³/s,814 km,0.7 km,Spironwing
1083,Nighthorn,Fork,131 m³/s,1952 km,0.84 km,Silder
1419,Aetholarara,Fork,131 m³/s,794 km,0.7 km,Echodrone
1523,Heartsto,Creek,131 m³/s,267 km,0.56 km,Heartsto
21,Aera,Fork,130 m³/s,667 km,0.56 km,Dainetala
406,Canopybough,River,130 m³/s,1252 km,0.7 km,Canovewhis
1443,Lucara,Fork,130 m³/s,574 km,0.7 km,Canovewhis
447,Gladowraith,Fork,129 m³/s,861 km,0.7 km,Whis
469,Bloneclaw,River,129 m³/s,1043 km,1.12 km,Bloneclaw
635,Igna,River,129 m³/s,566 km,0.7 km,Igna
586,Bonebironw,River,128 m³/s,977 km,0.7 km,Scutaimpavi
616,Pyla,River,127 m³/s,733 km,0.98 km,Pyla
728,Swifther,River,127 m³/s,422 km,0.56 km,Heartrotfu
165,Blodwhisca,Fork,126 m³/s,841 km,0.56 km,Lightshadow
645,Scutainvicta,River,126 m³/s,593 km,0.7 km,Scutainvicta
1085,Scutainpe,River,126 m³/s,973 km,0.56 km,Scutainfle
602,Heartbriar,River,125 m³/s,736 km,0.84 km,Heartbriar
1129,Heartwarp,River,125 m³/s,1112 km,0.84 km,Heartsheat
1593,Scutavibibi,Fork,125 m³/s,712 km,0.56 km,Scutaimpavi
314,Grunkogrok,River,124 m³/s,629 km,0.56 km,Grik
554,Grumnok,River,124 m³/s,440 km,0.56 km,Grimkor
426,Scutainvia,Fork,123 m³/s,450 km,0.56 km,Shadowchwing
1047,Grun,Fork,123 m³/s,698 km,0.84 km,Grik
1249,Thunder,River,123 m³/s,492 km,0.84 km,Thunder
1135,Scutainfle,River,122 m³/s,784 km,0.98 km,Scutainfle
1199,Scuta,River,122 m³/s,700 km,0.56 km,Scutainfle
1664,Gird,River,122 m³/s,421 km,0.84 km,Gird
520,Ironscadowf,River,121 m³/s,1591 km,0.84 km,Shadowchwing
580,Cemerinex,River,121 m³/s,934 km,0.7 km,Echodrone
583,Grung,River,121 m³/s,429 km,0.42 km,Heartflave
1638,Canopywispw,River,121 m³/s,1675 km,0.98 km,Canopywispw
156,Canopysunce,Fork,120 m³/s,1351 km,0.7 km,Canove
703,Heartwarp,River,120 m³/s,509 km,0.56 km,Scutainfle
114,Blazekind,River,119 m³/s,342 km,0.7 km,Blazekind
210,Heartgale,Fork,119 m³/s,895 km,0.7 km,Glim
1469,Scutaimuta,River,119 m³/s,710 km,0.7 km,Scutaimpavi
89,Black,River,118 m³/s,1363 km,0.84 km,Lightshadow
479,Ironspear,River,118 m³/s,654 km,0.56 km,Frosthorn
1466,Noclo,River,118 m³/s,719 km,0.56 km,Scutaimpavi
1737,Stonebeaksca,Fork,116 m³/s,297 km,0.42 km,Scutaimu
83,Lura,River,115 m³/s,392 km,0.7 km,Lura
1052,Mon,River,115 m³/s,1850 km,0.84 km,Silder
596,Glitfang,River,114 m³/s,838 km,0.84 km,Glitfang
1213,Aetrara,River,114 m³/s,452 km,0.84 km,Aetrara
1525,Share,Creek,114 m³/s,203 km,0.28 km,Share
1617,Heartspire,Fork,114 m³/s,431 km,0.42 km,Heartflave
738,Heartechone,River,113 m³/s,313 km,0.56 km,Heartechone
1214,Thun,River,113 m³/s,407 km,0.7 km,Thun
1218,Heartfor,River,113 m³/s,557 km,0.7 km,Heartfor
1078,Glom,River,112 m³/s,1216 km,0.7 km,Glim
1451,Heartreign,River,112 m³/s,653 km,0.7 km,Heartreign
614,Cerinex,River,111 m³/s,1128 km,0.7 km,Echodrone
1059,Grumkis,Fork,111 m³/s,564 km,0.7 km,Grik
1081,Mistw,River,111 m³/s,1473 km,0.84 km,Silder
1515,Sola,River,111 m³/s,392 km,0.56 km,Sola
511,Cryspicepelt,River,110 m³/s,1010 km,0.7 km,Glim
1157,Scutaprola,River,110 m³/s,464 km,0.7 km,Scutainfle
1233,Stonecrusker,River,110 m³/s,424 km,0.7 km,Stonecrusker
1473,Scutaimu,River,110 m³/s,1111 km,0.98 km,Scutaimu
646,Black,River,109 m³/s,676 km,0.84 km,Black
1180,Glit,River,109 m³/s,1149 km,0.84 km,Glit
1510,Shapidspide,River,109 m³/s,299 km,0.42 km,Shapidspide
1663,Grumkor,River,109 m³/s,386 km,0.7 km,Grumkor
640,Cryshard,River,107 m³/s,914 km,0.84 km,Cryshard
683,Shale,River,107 m³/s,712 km,0.7 km,Shale
1220,Buter,River,107 m³/s,752 km,0.84 km,Buter
719,Ironmashadow,Creek,106 m³/s,280 km,0.56 km,Ironmashadow
1073,Frosthunde,River,106 m³/s,720 km,0.56 km,Canopyshano
1251,Light,River,106 m³/s,319 km,0.56 km,Light
1508,Thundergfeat,River,106 m³/s,319 km,0.42 km,Thundergfeat
425,Murkg,River,105 m³/s,764 km,0.7 km,Wildter
435,Canopytwal,Fork,105 m³/s,562 km,0.7 km,Icestalker
1433,Snow,River,105 m³/s,716 km,0.56 km,Coldstingler
1594,Scutaindest,River,105 m³/s,483 km,0.56 km,Scutaimpavi
136,Cade,River,104 m³/s,1276 km,0.7 km,Canovewhis
150,Snapdragons,Fork,104 m³/s,552 km,0.56 km,Lightshadow
206,Silverbre,River,104 m³/s,1505 km,0.84 km,Canovewhis
214,Aethemerure,River,104 m³/s,624 km,0.84 km,Aethemerure
625,Astrearia,River,104 m³/s,812 km,0.84 km,Astrearia
472,Windstal,River,103 m³/s,498 km,0.42 km,Frosthorn
575,Grumphok,River,103 m³/s,493 km,0.56 km,Grik
706,Snow,River,103 m³/s,476 km,0.7 km,Snow
1239,Nocturna,Fork,103 m³/s,602 km,0.56 km,Cerearine
1507,Blacksmiths,River,103 m³/s,294 km,0.7 km,Blacksmiths
1512,Cenia,River,103 m³/s,531 km,0.7 km,Cenia
440,Canopysun,River,102 m³/s,1258 km,0.7 km,Icestalker
590,Iron,River,102 m³/s,939 km,0.84 km,Iron
671,Heartfury,River,102 m³/s,507 km,0.7 km,Heartfury
1425,Glintwhisper,Fork,102 m³/s,1170 km,0.7 km,Shadowchwing
1475,Heartsto,River,102 m³/s,394 km,0.42 km,Heartsheat
1669,Thundercrest,River,102 m³/s,518 km,0.7 km,Thundercrest
366,Duskglomw,Fork,101 m³/s,1217 km,0.84 km,Shadowchwing
633,Scutaprotexi,Fork,101 m³/s,746 km,0.56 km,Scutainfle
656,Heart,River,101 m³/s,631 km,0.7 km,Heart
139,Murmumilis,River,100 m³/s,695 km,0.7 km,Murmumilis
311,Monshadow,River,100 m³/s,380 km,0.28 km,Frosthorn
654,Heartrot,River,100 m³/s,750 km,0.84 km,Heartrot
660,Sola,Fork,100 m³/s,672 km,0.7 km,Fulgulea
1095,Canopywods,Fork,100 m³/s,2280 km,0.84 km,Canovewhis
1155,Ceris,Fork,100 m³/s,420 km,0.42 km,Canovewhis
1522,Aetra,River,100 m³/s,495 km,0.7 km,Aetra
1583,Symphyrion,River,99 m³/s,324 km,0.42 km,Zephyrora
1632,Frostclaw,Fork,99 m³/s,313 km,0.56 km,Icerer
648,Astra,Fork,98 m³/s,773 km,0.56 km,Echodrone
1491,Snapdmirth,Fork,98 m³/s,597 km,0.7 km,Night
1726,Scutabiliata,River,98 m³/s,519 km,0.56 km,Scutaimpavi
379,Furalea,River,97 m³/s,340 km,0.42 km,Dainetala
622,Nightshrie,River,97 m³/s,760 km,0.56 km,Gadowhelp
715,Scutainfle,River,97 m³/s,593 km,0.84 km,Scutainfle
432,Shave,Fork,96 m³/s,738 km,0.7 km,Wildter
598,Scutainviola,River,96 m³/s,896 km,0.84 km,Scutainviola
1153,Scutainvia,River,96 m³/s,901 km,0.56 km,Scutaimpavi
94,Auronantas,River,95 m³/s,352 km,0.42 km,Dainetala
697,Itemindrone,River,95 m³/s,503 km,0.56 km,Heartrotfu
744,Grimtfang,Creek,95 m³/s,271 km,0.42 km,Grimtfang
1734,Ironflaker,River,95 m³/s,431 km,0.84 km,Ironflaker
261,Thunderstorm,River,94 m³/s,293 km,0.7 km,Thunderstorm
500,Dushaver,River,94 m³/s,326 km,0.28 km,Scutaimpavi
501,Scutaimferia,Fork,94 m³/s,550 km,0.7 km,Canove
1453,Vionilacrush,River,94 m³/s,804 km,0.56 km,Wildter
1463,Ironshroud,River,94 m³/s,372 km,0.42 km,Gadowhelp
1736,Rust,River,94 m³/s,425 km,0.7 km,Rust
509,Sylphrixa,River,93 m³/s,623 km,0.7 km,Glim
510,Ceex,River,93 m³/s,458 km,0.7 km,Ceex
546,Crysper,Fork,93 m³/s,627 km,0.56 km,Shadowchwing
698,Asthera,River,93 m³/s,466 km,0.7 km,Gadowhelp
724,Heart,River,93 m³/s,424 km,0.42 km,Heart
1133,Shale,River,93 m³/s,869 km,0.98 km,Shale
1202,Xyrola,River,93 m³/s,323 km,0.42 km,Flam
1477,Thunderclea,River,93 m³/s,577 km,0.56 km,Shadowchwing
319,Ceniarilure,River,92 m³/s,479 km,0.7 km,Ceniarilure
569,Grumzug,River,92 m³/s,400 km,0.56 km,Grongor
726,Shadowtoth,River,92 m³/s,426 km,0.7 km,Shadowtoth
764,Shadowhis,River,92 m³/s,281 km,0.42 km,Shadowhis
536,Whirlwind,River,91 m³/s,591 km,0.56 km,Scutaimpavi
741,Scutainviabi,Creek,91 m³/s,223 km,0.28 km,Scutainviabi
1725,Icectictic,River,91 m³/s,547 km,0.7 km,Icectictic
41,Shanenomsker,River,90 m³/s,831 km,0.56 km,Thunder
1236,Zephus,Fork,90 m³/s,415 km,0.28 km,Scutaimpavi
1248,Celurerura,River,90 m³/s,356 km,0.56 km,Celurerura
1262,Astrex,Creek,90 m³/s,249 km,0.28 km,Astrex
1496,Darkp,River,90 m³/s,529 km,0.7 km,Darkp
1639,Dazle,River,90 m³/s,420 km,0.56 km,Heartflave
1670,Windw,River,90 m³/s,283 km,0.42 km,Windw
446,Nuando,River,89 m³/s,488 km,0.56 km,Canoresper
597,Scutainvicta,River,89 m³/s,993 km,0.7 km,Scutainvicta
687,Neluleara,River,89 m³/s,424 km,0.56 km,Neluleara
1423,Silwindwea,River,89 m³/s,661 km,0.56 km,Silder
1516,Sola,River,89 m³/s,327 km,0.56 km,Sola
1520,Icebrinder,Creek,89 m³/s,276 km,0.42 km,Icebrinder
456,Heartcrad,Fork,88 m³/s,493 km,0.56 km,Glim
544,Lulea,River,88 m³/s,690 km,0.56 km,Echodrone
631,Caker,River,88 m³/s,745 km,0.7 km,Caker
796,Itemind,River,88 m³/s,369 km,0.42 km,Shadowchwing
1417,Lurora,River,88 m³/s,835 km,0.56 km,Glim
1729,Ironstal,River,88 m³/s,447 km,0.42 km,Ironstal
85,Heartveil,River,87 m³/s,288 km,0.56 km,Heartveil
505,Thundersker,River,87 m³/s,387 km,0.56 km,Canovewhis
528,Symphyrion,Fork,87 m³/s,595 km,0.42 km,Heartflave
1169,Shadowf,River,87 m³/s,1532 km,0.7 km,Shadowhis
1264,Ironclawfang,River,87 m³/s,307 km,0.42 km,Ironclawfang
302,Duskwhisha,River,86 m³/s,855 km,0.56 km,Shadowchwing
386,Eclora,River,86 m³/s,736 km,0.56 km,Wildter
1140,Grumkis,Fork,86 m³/s,542 km,0.56 km,Gadowhelp
1656,Shadow,River,86 m³/s,519 km,0.7 km,Shadow
696,Heartpact,River,85 m³/s,448 km,0.56 km,Heartpact
1191,Tundtaver,Fork,85 m³/s,647 km,0.56 km,Glimshaze
529,Scutainflexi,River,84 m³/s,710 km,0.56 km,Shadowchwing
624,Scutapreria,River,84 m³/s,714 km,0.7 km,Scutapreria
1210,Xyla,River,84 m³/s,856 km,0.84 km,Xyla
1243,Icestinder,River,84 m³/s,352 km,0.42 km,Icestinder
1646,Stonebeak,River,84 m³/s,287 km,0.28 km,Iron
107,Igninara,River,83 m³/s,356 km,0.7 km,Igninara
133,Thunderg,Brook,83 m³/s,208 km,0.28 km,Thunderg
595,Scutaindest,River,83 m³/s,861 km,0.84 km,Scutaindest
670,Scutaimu,River,83 m³/s,554 km,0.7 km,Scutaimu
1718,Grumgul,River,83 m³/s,651 km,0.56 km,Grognak
65,Girdstone,River,82 m³/s,1696 km,0.84 km,Shadowhis
1046,Stody,River,82 m³/s,672 km,0.7 km,Scutaimpavi
1084,Spive,River,82 m³/s,354 km,0.42 km,Shadowchwing
1223,Snowhisha,River,82 m³/s,432 km,0.56 km,Snowhisha
1252,Scutainvicti,River,82 m³/s,370 km,0.56 km,Scutainvicti
1444,Scutainvia,River,82 m³/s,355 km,0.42 km,Scutainfle
109,Share,River,81 m³/s,371 km,0.28 km,Glint
516,Whisker,Fork,81 m³/s,523 km,0.7 km,Stonenomsca
765,Heartspire,Brook,81 m³/s,254 km,0.42 km,Heartspire
1724,Blacksmit,River,81 m³/s,782 km,0.84 km,Blacksmit
247,Heartswel,River,80 m³/s,297 km,0.42 km,Wildter
385,Grunthrak,Creek,80 m³/s,266 km,0.28 km,Grimkor
952,Flickerst,Brook,80 m³/s,269 km,0.56 km,Flickerst
1067,Windhowlker,River,80 m³/s,587 km,0.56 km,Canopyshano
1247,Aumixaraxa,River,80 m³/s,307 km,0.42 km,Aumixaraxa
1416,Murne,Fork,80 m³/s,518 km,0.56 km,Scutaimpavi
1440,Windroar,Fork,80 m³/s,291 km,0.28 km,Coldstingler
215,Scutafortis,River,79 m³/s,293 km,0.28 km,Scutafortis
576,Gron,Fork,79 m³/s,335 km,0.56 km,Grik
629,Thun,River,79 m³/s,746 km,0.56 km,Silder
1126,Scutum,River,79 m³/s,351 km,0.42 km,Scutainfle
1500,Scutainviavi,River,79 m³/s,606 km,0.7 km,Scutainviavi
1738,Somomora,Creek,79 m³/s,215 km,0.42 km,Somomora
643,Scutainviavi,River,78 m³/s,899 km,0.7 km,Scutainviavi
1087,Frost,River,78 m³/s,746 km,0.56 km,Night
1110,Scuta,Fork,78 m³/s,500 km,0.56 km,Scutaimpavi
1205,Heartham,River,78 m³/s,625 km,0.7 km,Heartham
1221,Flickerwhis,Fork,78 m³/s,458 km,0.42 km,Scutaimpavi
1434,Shadow,Fork,78 m³/s,384 km,0.42 km,Echodrone
1661,Frost,River,78 m³/s,402 km,0.7 km,Frost
1710,Snapdmer,Creek,78 m³/s,235 km,0.56 km,Snapdmer
129,Vioryre,Fork,77 m³/s,526 km,0.56 km,Hyaragons
1103,Eldrixa,River,77 m³/s,303 km,0.28 km,Silder
1256,Heartgave,Creek,77 m³/s,262 km,0.28 km,Grumzok
1263,Drave,Creek,77 m³/s,257 km,0.42 km,Drave
1665,Stormwhip,River,77 m³/s,328 km,0.42 km,Stormwhip
99,Astheristyx,Fork,76 m³/s,287 km,0.28 km,Night
112,Rust,River,76 m³/s,729 km,0.42 km,Gadowhelp
1209,Scutainfle,River,76 m³/s,653 km,0.7 km,Scutainfle
1428,Sylphonando,Fork,76 m³/s,501 km,0.56 km,Scutaimpavi
205,Shale,River,75 m³/s,393 km,0.28 km,Bonespiter
676,Grumphok,River,75 m³/s,589 km,0.56 km,Stormshale
727,Frost,River,75 m³/s,300 km,0.56 km,Frost
754,Scutaimu,Stream,75 m³/s,266 km,0.42 km,Scutaimu
1240,Nightbeak,River,75 m³/s,257 km,0.42 km,Nightbeak
1505,Stormwing,River,75 m³/s,312 km,0.42 km,Stormwing
1625,Night,River,75 m³/s,348 km,0.28 km,Nightriper
212,Heartpact,River,74 m³/s,1018 km,0.56 km,Lightshadow
772,Fulguminalys,Stream,74 m³/s,187 km,0.28 km,Fulguminalys
1115,Phoexiadian,River,74 m³/s,633 km,0.42 km,Scutaimpavi
1241,Heartsto,River,74 m³/s,385 km,0.42 km,Heartsto
1521,Heart,River,74 m³/s,225 km,0.42 km,Heart
1524,Zepheristia,Brook,74 m³/s,242 km,0.56 km,Zepheristia
388,Duspergepath,River,73 m³/s,570 km,0.56 km,Canovewhis
680,Radowhiscale,River,73 m³/s,503 km,0.7 km,Radowhiscale
768,Stormpest,Creek,73 m³/s,210 km,0.42 km,Stormpest
1130,Grog,River,73 m³/s,297 km,0.42 km,Grumt
453,Canopywind,Fork,72 m³/s,557 km,0.56 km,Canopyshano
659,Nightstorm,River,72 m³/s,442 km,0.7 km,Nightstorm
722,Cera,River,72 m³/s,321 km,0.42 km,Cera
753,Blodsilt,River,72 m³/s,346 km,0.42 km,Blodsilt
1499,Grumgul,River,72 m³/s,422 km,0.7 km,Grumgul
373,Windstalpelt,River,71 m³/s,426 km,0.28 km,Frosthorn
537,Hironger,Fork,71 m³/s,699 km,0.56 km,Shadowchwing
731,Ceex,River,71 m³/s,321 km,0.28 km,Scutainfle
767,Scutainvicti,River,71 m³/s,341 km,0.42 km,Scutainvicti
1054,Frost,River,71 m³/s,516 km,0.28 km,Icerer
1219,Ironfine,River,71 m³/s,420 km,0.7 km,Ironfine
1253,Windtaze,River,71 m³/s,313 km,0.42 km,Windtaze
1268,Lightshare,River,71 m³/s,234 km,0.28 km,Lightshare
131,Luleanx,River,70 m³/s,319 km,0.42 km,Luleanx
151,Lumieleraph,Brook,70 m³/s,246 km,0.28 km,Glim
689,Canopysun,River,70 m³/s,494 km,0.7 km,Canopysun
739,Frostglike,River,70 m³/s,288 km,0.28 km,Frostglike
752,Heartforge,River,70 m³/s,495 km,0.7 km,Heartforge
1118,Veye,River,70 m³/s,755 km,0.56 km,Shadowhis
1150,Ivetalwhirl,River,70 m³/s,347 km,0.56 km,Shadowing
1234,Ring,River,70 m³/s,336 km,0.7 km,Ring
489,Thornsurot,Fork,69 m³/s,402 km,0.42 km,Shadowchwing
531,Storm,Fork,69 m³/s,565 km,0.56 km,Shadowchwing
584,Scutabilia,River,69 m³/s,978 km,0.56 km,Echodrone
692,Heartlom,River,69 m³/s,716 km,0.56 km,Scutaimpavi
694,Shaver,River,69 m³/s,482 km,0.56 km,Whis
1144,Aebera,River,69 m³/s,393 km,0.42 km,Scutaimpavi
1146,Phoerilis,Fork,69 m³/s,358 km,0.28 km,Scutaimpavi
1164,Scutumabili,Fork,69 m³/s,414 km,0.28 km,Stormshale
495,Lumia,Fork,68 m³/s,484 km,0.56 km,Echodrone
650,Scutapreto,River,68 m³/s,554 km,0.7 km,Scutapreto
720,Scutainvicti,River,68 m³/s,367 km,0.42 km,Scutainvicti
1045,Winger,Creek,68 m³/s,263 km,0.28 km,Icerer
1097,Ironvilst,River,68 m³/s,498 km,0.56 km,Ironwraith
1489,Whirlwind,River,68 m³/s,366 km,0.42 km,Scutaimpavi
84,Pylarax,River,67 m³/s,390 km,0.7 km,Pylarax
144,Blosembly,Fork,67 m³/s,363 km,0.42 km,Geveilane
245,Heartcradle,River,67 m³/s,405 km,0.56 km,Glim
664,Heartshadow,River,67 m³/s,589 km,0.7 km,Heartshadow
717,Heartveil,River,67 m³/s,302 km,0.42 km,Heartveil
1077,Scutaimu,Fork,67 m³/s,376 km,0.28 km,Ironwraith
1258,Thunderclaw,River,67 m³/s,318 km,0.42 km,Thunderclaw
303,Canopyw,Fork,66 m³/s,862 km,0.56 km,Canovewhis
594,Thun,Fork,66 m³/s,459 km,0.28 km,Dawnbladow
626,Black,River,66 m³/s,397 km,0.42 km,Blacksmit
1730,Chainbreadow,River,66 m³/s,362 km,0.42 km,Chainbreadow
209,Heartlomer,River,65 m³/s,1303 km,0.7 km,Lightshadow
555,Lulea,Fork,65 m³/s,688 km,0.56 km,Astralys
675,Nelulea,Fork,65 m³/s,350 km,0.42 km,Lumie
733,Crystal,River,65 m³/s,411 km,0.42 km,Crystal
734,Scutainfle,Creek,65 m³/s,240 km,0.28 km,Scutainfle
740,Lumia,River,65 m³/s,325 km,0.42 km,Lumia
757,Oralys,River,65 m³/s,303 km,0.42 km,Oralys
766,Frost,Stream,65 m³/s,249 km,0.42 km,Frost
769,Grimtning,Creek,65 m³/s,224 km,0.28 km,Grimtning
1189,Heartveil,River,65 m³/s,384 km,0.42 km,Hearthrob
1190,Lighther,River,65 m³/s,494 km,0.42 km,Scutaimpavi
1465,Duskhorse,River,65 m³/s,457 km,0.42 km,Scutaimpavi
1503,Crysper,Fork,65 m³/s,361 km,0.28 km,Shadowchwing
1602,Ironwhistal,Fork,65 m³/s,325 km,0.42 km,Shadowchwing
1651,Chainlash,River,65 m³/s,309 km,0.28 km,Irong
142,Nyrea,River,64 m³/s,328 km,0.42 km,Nyrea
257,Duskblight,River,64 m³/s,336 km,0.28 km,Scutaimpavi
451,Ironder,River,64 m³/s,610 km,0.42 km,Darkshard
503,Nocturninara,River,64 m³/s,331 km,0.28 km,Ceristix
669,Ander,Fork,64 m³/s,460 km,0.28 km,Scutaimpavi
677,Lura,River,64 m³/s,564 km,0.7 km,Lura
1037,Dusksighwhis,River,64 m³/s,728 km,0.42 km,Scutaimpavi
1230,Scutanes,River,64 m³/s,513 km,0.7 km,Scutanes
1604,Thunerwing,River,64 m³/s,295 km,0.42 km,Night
390,Blodtail,Creek,63 m³/s,191 km,0.28 km,Blodtail
589,Fulguca,River,63 m³/s,422 km,0.42 km,Astrex
639,Frosthof,Fork,63 m³/s,288 km,0.28 km,Ironwhisper
725,Wind,Creek,63 m³/s,229 km,0.42 km,Wind
1041,Scutaimu,Fork,63 m³/s,459 km,0.42 km,Shadowchwing
1454,Frostmender,River,63 m³/s,391 km,0.28 km,Frostwicest
1506,Bonebeak,River,63 m³/s,414 km,0.28 km,Bonebeak
203,Heartshame,River,62 m³/s,682 km,0.56 km,Glim
484,Stormlash,River,62 m³/s,891 km,0.56 km,Bonespiter
774,Sola,Creek,62 m³/s,166 km,0.28 km,Sola
775,Lumixa,Brook,62 m³/s,197 km,0.42 km,Lumixa
1119,Scutainviabi,Fork,62 m³/s,427 km,0.42 km,Scutainviabi
1197,Scutaprotexi,Fork,62 m³/s,469 km,0.56 km,Scutainviabi
1414,Blosmiment,River,62 m³/s,777 km,0.56 km,Wildter
1418,Murkwrapids,River,62 m³/s,602 km,0.56 km,Glim
108,Heartweame,Fork,61 m³/s,384 km,0.28 km,Glim
712,Bonenomsca,River,61 m³/s,294 km,0.42 km,Bonenomsca
721,Scutainviabi,River,61 m³/s,305 km,0.42 km,Scutainfle
1254,Scutainfle,River,61 m³/s,351 km,0.28 km,Scutainfle
1511,Astra,River,61 m³/s,302 km,0.42 km,Astra
391,Flam,River,60 m³/s,282 km,0.28 km,Flam
424,Heartveil,River,60 m³/s,553 km,0.42 km,Glim
513,Monder,Fork,60 m³/s,400 km,0.42 km,Night
523,Duskreadow,River,60 m³/s,885 km,0.56 km,Gadowhelp
657,Heartsto,River,60 m³/s,653 km,0.7 km,Heartsto
710,Sorax,River,60 m³/s,398 km,0.42 km,Sorax
762,Lumixa,River,60 m³/s,284 km,0.28 km,Lumixa
770,Stormralec,River,60 m³/s,193 km,0.28 km,Stormralec
1160,Heartweadow,River,60 m³/s,387 km,0.42 km,Glim
1587,Grumbrok,Fork,60 m³/s,498 km,0.28 km,Grognak
1672,Grimtfury,River,60 m³/s,321 km,0.56 km,Grimtfury
90,Grumok,Fork,59 m³/s,863 km,0.56 km,Frosthorn
155,Ironstalmaw,River,59 m³/s,374 km,0.28 km,Lightshadow
178,Grog,River,59 m³/s,2082 km,0.84 km,Glim
1502,Thornswep,River,59 m³/s,384 km,0.7 km,Thornswep
1513,Thunderstorm,Creek,59 m³/s,266 km,0.42 km,Thunderstorm
383,Dusks,River,58 m³/s,593 km,0.42 km,Scutaimpavi
673,Nelia,Creek,58 m³/s,248 km,0.28 km,Aurarispe
679,Windglicec,River,58 m³/s,634 km,0.7 km,Windglicec
705,Lulerule,River,58 m³/s,421 km,0.42 km,Lulerule
732,Scutaimpa,River,58 m³/s,294 km,0.42 km,Scutaimpa
755,Ironmashaver,Creek,58 m³/s,279 km,0.42 km,Ironmashaver
1658,Ironster,River,58 m³/s,527 km,0.7 km,Ironster
377,Duskveil,River,57 m³/s,369 km,0.28 km,Shadowchwing
420,Canopyshano,Fork,57 m³/s,357 km,0.42 km,Canopyshano
612,Astheluma,Fork,57 m³/s,358 km,0.28 km,Astrealys
658,Gron,River,57 m³/s,397 km,0.42 km,Grumnok
701,Chainder,River,57 m³/s,370 km,0.56 km,Chainder
1043,Scutainflexi,River,57 m³/s,381 km,0.28 km,Scutainfle
1170,Heartlomer,Fork,57 m³/s,636 km,0.42 km,Heartlom
1242,Stormlash,Creek,57 m³/s,278 km,0.28 km,Stormlash
1497,Etheruspera,Fork,57 m³/s,344 km,0.42 km,Astrex
1519,Whisnave,Creek,57 m³/s,208 km,0.28 km,Whisnave
1631,Astra,River,57 m³/s,406 km,0.28 km,Canovewhis
1667,Ringbreaver,River,57 m³/s,322 km,0.42 km,Ringbreaver
1727,Canopywind,River,57 m³/s,376 km,0.42 km,Canopywind
310,Shadowhistri,River,56 m³/s,288 km,0.28 km,Shadowchwing
368,Ironvilst,River,56 m³/s,339 km,0.28 km,Whis
709,Heartcrown,River,56 m³/s,328 km,0.28 km,Ider
751,Nightning,Creek,56 m³/s,276 km,0.42 km,Nightning
763,Night,Creek,56 m³/s,219 km,0.28 km,Night
1143,Ironpactfang,Fork,56 m³/s,585 km,0.42 km,Ironth'shard
1733,Heartpactspi,Stream,56 m³/s,240 km,0.42 km,Heartpactspi
111,Chainder,Fork,55 m³/s,363 km,0.28 km,Shadowhis
574,Grimzok,River,55 m³/s,452 km,0.42 km,Grung
771,Bone,Brook,55 m³/s,242 km,0.28 km,Bone
1088,Grunmok,River,55 m³/s,298 km,0.28 km,Grik
1179,Ironsh,Fork,55 m³/s,378 km,0.28 km,Ironth'shard
1424,Glow,River,55 m³/s,506 km,0.56 km,Shadowchwing
73,Dawnbrin,Creek,54 m³/s,207 km,0.28 km,Dawnbrin
699,Ironshard,River,54 m³/s,405 km,0.56 km,Ironshard
1260,Nightning,Creek,54 m³/s,248 km,0.28 km,Nightning
1527,Heartsto,River,54 m³/s,350 km,0.28 km,Heartsto
1671,Stormwinglo,River,54 m³/s,354 km,0.28 km,Stormwinglo
127,Lumierina,River,53 m³/s,307 km,0.42 km,Lumierina
415,Cade,River,53 m³/s,406 km,0.28 km,Canovewhis
1063,Chainveilmen,River,53 m³/s,372 km,0.28 km,Ironwraith
1232,Heartnail,River,53 m³/s,539 km,0.56 km,Heartnail
1267,Iter,River,53 m³/s,222 km,0.28 km,Iter
249,Mong,Fork,52 m³/s,1058 km,0.56 km,Thunder
410,Duskbladowf,River,52 m³/s,399 km,0.28 km,Shadowchwing
483,Duskvesis,Fork,52 m³/s,386 km,0.28 km,Dawnbladow
1156,Snow,River,52 m³/s,358 km,0.28 km,Gadowhelp
1246,Heartswel,River,52 m³/s,315 km,0.42 km,Heartswel
1261,Vestyx,Creek,52 m³/s,233 km,0.42 km,Vestyx
378,Duskwhisha,Fork,51 m³/s,374 km,0.28 km,Scutaimpavi
490,Cadebre,River,51 m³/s,391 km,0.28 km,Canoresper
571,Grumtak,River,51 m³/s,343 km,0.28 km,Heartflave
718,Phan,River,51 m³/s,382 km,0.28 km,Scutaimpavi
750,Shave,River,51 m³/s,216 km,0.28 km,Shave
1074,Thunderspi,Fork,51 m³/s,859 km,0.56 km,Frosthorn
1237,Heartpalm,River,51 m³/s,422 km,0.28 km,Hearthrob
146,Ider,Brook,50 m³/s,237 km,0.28 km,Peowersdana
608,Nightlash,River,50 m³/s,562 km,0.42 km,Bonespiter
619,Glaper,River,50 m³/s,318 km,0.28 km,Whis
1104,Scutainflexi,Fork,50 m³/s,369 km,0.28 km,Scutainviabi
1107,Numbg,Fork,50 m³/s,434 km,0.42 km,Silder
1174,Mon,River,50 m³/s,376 km,0.42 km,Frosthorn
1509,Blacksmit,River,50 m³/s,233 km,0.42 km,Blacksmit
1528,Heartswel,River,50 m³/s,244 km,0.42 km,Heartswel
559,Froststalker,River,49 m³/s,335 km,0.28 km,Night
632,Grumbol,River,49 m³/s,359 km,0.28 km,Grik
662,Scutaim,River,49 m³/s,402 km,0.28 km,Scutainvicta
729,Scutainfle,Branch,49 m³/s,224 km,0.28 km,Heartflave
749,Scutaimpavi,River,49 m³/s,213 km,0.28 km,Scutainfle
46,Lugue,River,48 m³/s,609 km,0.56 km,Glim
374,Stormfury,River,48 m³/s,366 km,0.28 km,Bonespiter
538,Canopyflight,River,48 m³/s,424 km,0.28 km,Canove
1038,Duskne,Fork,48 m³/s,293 km,0.28 km,Scutaimpavi
1245,Shale,River,48 m³/s,295 km,0.56 km,Shale
1426,Glitchwing,River,48 m³/s,359 km,0.28 km,Shadowchwing
304,Heartguardle,River,47 m³/s,318 km,0.28 km,Hearthrob
684,Pluronix,Fork,47 m³/s,451 km,0.42 km,Sympsexialea
1132,Heartshard,River,47 m³/s,434 km,0.28 km,Heartlomer
88,Grumtok,River,46 m³/s,333 km,0.14 km,Frosthorn
141,Luma,Fork,46 m³/s,298 km,0.28 km,Night
160,Sonadian,River,46 m³/s,311 km,0.28 km,Sonadian
422,Duskwhirl,Creek,46 m³/s,274 km,0.28 km,Scutaimpavi
430,Dusksilen,River,46 m³/s,458 km,0.42 km,Shadowchwing
524,Duskcrimwalk,River,46 m³/s,649 km,0.42 km,Shadowchwing
1244,Canopyfsong,Creek,46 m³/s,264 km,0.28 km,Canopyfsong
1649,Scutainpe,River,46 m³/s,437 km,0.28 km,Scutaimpavi
69,Dusksperow,Fork,45 m³/s,336 km,0.28 km,Shadowchwing
100,Pneume,River,45 m³/s,1295 km,0.56 km,Night
117,Scutabibi,Fork,45 m³/s,399 km,0.28 km,Scutaim
207,Grumhogrot,Fork,45 m³/s,399 km,0.28 km,Peowersdana
468,Frostgnome,Fork,45 m³/s,326 km,0.28 km,Canovewhis
713,Caverbough,River,45 m³/s,322 km,0.42 km,Caverbough
745,Caver,River,45 m³/s,260 km,0.42 km,Caver
177,Galepelther,Fork,44 m³/s,768 km,0.56 km,Frosthorn
533,Frost,River,44 m³/s,305 km,0.28 km,Coldstingler
534,Canopyleaf,Branch,44 m³/s,249 km,0.28 km,Canopyshano
759,Aulelesperu,River,44 m³/s,295 km,0.42 km,Aulelesperu
1125,Flickercur,Fork,44 m³/s,502 km,0.28 km,Wildter
1159,Irongrinder,Stream,44 m³/s,280 km,0.28 km,Irongrinder
1526,Scutainflexi,Creek,44 m³/s,213 km,0.14 km,Scutainflexi
1635,Stonecrusper,Fork,44 m³/s,368 km,0.42 km,Shadowhis
91,Shaleye,River,43 m³/s,394 km,0.28 km,Lightshadow
413,Dusknight,River,43 m³/s,418 km,0.28 km,Scutaimpavi
459,Inkweake,Fork,43 m³/s,753 km,0.42 km,Scutaimpavi
522,Monderfang,Fork,43 m³/s,313 km,0.28 km,Frosthorn
609,Snowcrusha,Fork,43 m³/s,437 km,0.28 km,Frostmender
1096,Emtouchpol,River,43 m³/s,357 km,0.28 km,Wildter
1235,Ironw,River,43 m³/s,317 km,0.28 km,Ironw
92,Heartwarp,Brook,42 m³/s,224 km,0.28 km,Glim
1145,Nocturnyx,Creek,42 m³/s,250 km,0.14 km,Thunderg
1158,Canopyfopy,Fork,42 m³/s,449 km,0.42 km,Canoresper
1193,Scutainviabi,River,42 m³/s,356 km,0.28 km,Scutaimpavi
307,Cadowhishade,River,41 m³/s,505 km,0.42 km,Glim
362,Caver,River,41 m³/s,403 km,0.42 km,Shadowchwing
543,Thunder,Fork,41 m³/s,493 km,0.42 km,Night
620,Bonesting,River,41 m³/s,353 km,0.28 km,Shadowhis
665,Sylphrina,Creek,41 m³/s,248 km,0.28 km,Sora
1231,Grunt,River,41 m³/s,296 km,0.28 km,Grunt
196,Grunmok,River,40 m³/s,322 km,0.28 km,Glim
412,Canopyfernw,River,40 m³/s,421 km,0.28 km,Canovewhis
1102,Ironrot,River,40 m³/s,299 km,0.28 km,Ironwraith
441,Stormer,Fork,39 m³/s,307 km,0.28 km,Stonenomsca
561,Monsteadow,Fork,39 m³/s,442 km,0.28 km,Whis
577,Aetra,River,39 m³/s,418 km,0.28 km,Vestix
1152,Grumok,Fork,39 m³/s,322 km,0.14 km,Grung
1432,Lura,Creek,39 m³/s,237 km,0.28 km,Nightriper
157,Thunderpelt,River,38 m³/s,425 km,0.28 km,Silder
730,Scutabilis,Creek,38 m³/s,200 km,0.28 km,Scutabilis
760,Blacksmith,River,38 m³/s,345 km,0.28 km,Blacksmith
1636,Thunder,River,38 m³/s,352 km,0.28 km,Shadowhis
1068,Frost,Branch,37 m³/s,275 km,0.28 km,Canopyshano
1099,Tundcalfang,River,37 m³/s,400 km,0.28 km,Silder
1605,Thornswep,Fork,37 m³/s,365 km,0.28 km,Glim
176,Grun,River,35 m³/s,812 km,0.56 km,Glim
180,Gromzok,Fork,35 m³/s,609 km,0.42 km,Glim
153,Cadebrecal,Fork,34 m³/s,419 km,0.28 km,Canopyshano
570,Canopyleafw,Fork,34 m³/s,397 km,0.42 km,Canopysunce
